JOGO,GOL,JOGADOR,ASSISTENCIA,MINUTO,TEMPO,SETOR,AREA,ESTILO,CAMISA,NUM CAMISA,TIT/RES,RESULTADO,PLACAR,ADVERSARIO,CAMPEONATO,DATA,DIA-SEMANA,HORARIO,LINK
2,1,Jadson,Fagner,25,1T,Norte,Fora,Pe Esquerdo,1,10,TIT,E,1 x 1,Botafogo (RJ),Brasileiro,01/06/2014,DOM,16:00,https://www.youtube.com/watch?v=uBZTPBOsYh4
3,2,Guerrero,Jadson,7,1T,Sul,Dentro,Pe Esquerdo,1,9,TIT,V,2 x 1,Internacional,Brasileiro,17/07/2014,QUI,19:30,https://www.youtube.com/watch?v=ueyaq-24FY8
3,3,Fagner,Luciano,10,1T,Sul,Dentro,Pe Direito,1,35,TIT,V,2 x 1,Internacional,Brasileiro,17/07/2014,QUI,19:30,https://www.youtube.com/watch?v=ueyaq-24FY8
4,4,Elias,Petros,18,1T,Sul,Dentro,Pe Direito,1,7,TIT,V,3 x 0,Bahia,Copa do Brasil,23/07/2014,QUA,22:00,https://www.youtube.com/watch?v=_qxlaXJ6Z64
4,5,Romero,Ralf,32,1T,Sul,Dentro,Cabeca,1,11,TIT,V,3 x 0,Bahia,Copa do Brasil,23/07/2014,QUA,22:00,https://www.youtube.com/watch?v=_qxlaXJ6Z64
4,6,Renato Augusto,(Penalti),90,2T,Norte,Dentro,Pe Direito,1,8,RES,V,3 x 0,Bahia,Copa do Brasil,23/07/2014,QUA,22:00,https://www.youtube.com/watch?v=_qxlaXJ6Z64
5,7,Guerrero,Elias,51,2T,Norte,Dentro,Pe Direito,1,9,TIT,V,2 x 0,Palmeiras,Brasileiro,27/07/2014,DOM,16:00,https://www.youtube.com/watch?v=v8YNki5duZQ
5,8,Petros,Elias,90+1,2T,Norte,Dentro,Pe Direito,1,40,TIT,V,2 x 0,Palmeiras,Brasileiro,27/07/2014,DOM,16:00,https://www.youtube.com/watch?v=v8YNki5duZQ
6,9,Gil,Guerrero,43,1T,Sul,Dentro,Cabeca,1,4,TIT,E,1 x 1,Bahia,Brasileiro,16/08/2014,SAB,21:00,https://www.youtube.com/watch?v=sJUSPUOvvTc
7,10,Guerrero,Jadson,22,1T,Sul,Dentro,Cabeca,1,9,TIT,V,5 x 2,Goias,Brasileiro,21/08/2014,QUI,19:30,https://www.youtube.com/watch?v=wxuubAKTJw4
7,11,Elias,X,65,2T,Norte,Dentro,Pe Direito,1,7,TIT,V,5 x 2,Goias,Brasileiro,21/08/2014,QUI,19:30,https://www.youtube.com/watch?v=wxuubAKTJw4
7,12,Luciano,Lodeiro,78,2T,Norte,Dentro,Cabeca,1,18,RES,V,5 x 2,Goias,Brasileiro,21/08/2014,QUI,19:30,https://www.youtube.com/watch?v=wxuubAKTJw4
7,13,Luciano,Jadson,85,2T,Norte,Fora,Pe Esquerdo,1,18,RES,V,5 x 2,Goias,Brasileiro,21/08/2014,QUI,19:30,https://www.youtube.com/watch?v=wxuubAKTJw4
7,14,Luciano,X,89,2T,Norte,Dentro,Pe Esquerdo,1,18,RES,V,5 x 2,Goias,Brasileiro,21/08/2014,QUI,19:30,https://www.youtube.com/watch?v=wxuubAKTJw4
8,15,Romarinho,Renato Augusto,74,2T,Norte,Dentro,Pe Esquerdo,1,31,TIT,E,1 x 1,Fluminense,Brasileiro,31/08/2014,DOM,16:00,https://www.youtube.com/watch?v=DfukbGx49Mw
9,16,Renato Augusto,Romarinho,4,1T,Sul,Dentro,Pe Direito,1,8,TIT,V,3 x 1,Bragantino,Copa do Brasil,03/09/2014,QUA,22:00,https://www.youtube.com/watch?v=bPw_kThZkdc
9,17,Ralf,Renato Augusto,15,1T,Sul,Dentro,Cabeca,1,5,TIT,V,3 x 1,Bragantino,Copa do Brasil,03/09/2014,QUA,22:00,https://www.youtube.com/watch?v=bPw_kThZkdc
9,18,Felipe,Renato Augusto,20,1T,Sul,Dentro,Cabeca,1,28,TIT,V,3 x 1,Bragantino,Copa do Brasil,03/09/2014,QUA,22:00,https://www.youtube.com/watch?v=bPw_kThZkdc
10,19,Petros,Romero,14,1T,Sul,Dentro,Pe Direito,2,40,TIT,V,1 x 0,Atletico MG,Brasileiro,11/09/2014,QUI,19:30,https://www.youtube.com/watch?v=uxrYvS9Ibvw
11,20,Malcom,Jadson,10,1T,Sul,Dentro,Pe Esquerdo,1,21,TIT,E,1 x 1,Chapecoense,Brasileiro,18/09/2014,QUI,19:30,https://www.youtube.com/watch?v=Nn_-ZtdTytw
12,21,Fabio Santos,(Penalti),36,1T,Sul,Dentro,Pe Esquerdo,1,6,TIT,V,3 x 2,Sao Paulo,Brasileiro,21/09/2014,DOM,16:00,https://www.youtube.com/watch?v=GfHhIms19ys
12,22,Fabio Santos,(Penalti),66,2T,Norte,Dentro,Pe Esquerdo,1,6,TIT,V,3 x 2,Sao Paulo,Brasileiro,21/09/2014,DOM,16:00,https://www.youtube.com/watch?v=GfHhIms19ys
12,23,Guerrero,Danilo,74,2T,Norte,Dentro,Pe Direito,1,9,TIT,V,3 x 2,Sao Paulo,Brasileiro,21/09/2014,DOM,16:00,https://www.youtube.com/watch?v=GfHhIms19ys
13,24,Guerrero,Renato Augusto,25,1T,Norte,Dentro,Cabeca,2,9,TIT,V,2 x 0,Atletico MG,Copa do Brasil,01/10/2014,QUA,22:00,https://www.youtube.com/watch?v=yidoIxdOUP8
13,25,Luciano,Guerrero,82,2T,Sul,Dentro,Pe Esquerdo,2,18,RES,V,2 x 0,Atletico MG,Copa do Brasil,01/10/2014,QUA,22:00,https://www.youtube.com/watch?v=yidoIxdOUP8
14,26,Anderson Martins,Renato Augusto,25,1T,Norte,Dentro,Cabeca,1,23,TIT,V,3 x 0,Sport,Brasileiro,04/10/2014,SAB,18:30,https://www.youtube.com/watch?v=ccOj_BtxFws
14,27,Guerrero,Luciano,73,2T,Sul,Dentro,Pe Esquerdo,1,9,TIT,V,3 x 0,Sport,Brasileiro,04/10/2014,SAB,18:30,https://www.youtube.com/watch?v=ccOj_BtxFws
14,28,Luciano,Danilo,90+3,2T,Sul,Fora,Pe Esquerdo,1,18,RES,V,3 x 0,Sport,Brasileiro,04/10/2014,SAB,18:30,https://www.youtube.com/watch?v=ccOj_BtxFws
15,29,Elias,Romero,46,2T,Norte,Dentro,Joelho D,1,7,TIT,E,2 x 2,Coritiba,Brasileiro,01/11/2014,SAB,21:30,https://www.youtube.com/watch?v=c9AQcDBNe5k
15,30,Bruno Henrique,Uendel,90+5,2T,Norte,Dentro,Cabeca,1,25,TIT,E,2 x 2,Coritiba,Brasileiro,01/11/2014,SAB,21:30,https://www.youtube.com/watch?v=c9AQcDBNe5k
16,31,Guerrero,Renato Augusto,7,1T,Sul,Dentro,Pe Esquerdo,2,9,TIT,V,1 x 0,Santos,Brasileiro,09/11/2014,DOM,19:30,https://www.youtube.com/watch?v=i0l9UbNqJaM
17,32,Guerrero,Luciano,83,2T,Sul,Dentro,Pe Esquerdo,1,9,TIT,V,1 x 0,Gremio,Brasileiro,23/11/2014,DOM,19:30,https://www.youtube.com/watch?v=i0l9UbNqJaM
18,33,Elias,Petros,26,1T,Sul,Dentro,Pe Direito,1,7,TIT,V,2 x 1,Criciuma,Brasileiro,06/12/2014,SAB,16:30,https://www.youtube.com/watch?v=h-qRoog_Mio
18,34,Fabio Santos,Renato Augusto,72,2T,Norte,Dentro,Pe Esquerdo,1,6,TIT,V,2 x 1,Criciuma,Brasileiro,06/12/2014,SAB,16:30,https://www.youtube.com/watch?v=h-qRoog_Mio
19,35,Danilo,Luciano,79,2T,Sul,Dentro,Pe Esquerdo,1,20,RES,V,3 x 0,Corinthian-Casuals (ING),Amistoso,24/01/2015,SAB,17:00,https://www.youtube.com/watch?v=hS1c3ibs9Yo
19,36,Luciano,Mendoza,90,2T,Sul,Dentro,Pe Direito,1,18,RES,V,3 x 0,Corinthian-Casuals (ING),Amistoso,24/01/2015,SAB,17:00,https://www.youtube.com/watch?v=hS1c3ibs9Yo
19,37,Luciano,Jadson,90+6,2T,Sul,Dentro,Pe Esquerdo,1,18,RES,V,3 x 0,Corinthian-Casuals (ING),Amistoso,24/01/2015,SAB,17:00,https://www.youtube.com/watch?v=hS1c3ibs9Yo
20,38,Renato Augusto,Jadson,11,1T,Sul,Dentro,Pe Direito,1,8,TIT,V,3 x 0,Marilia,Paulista,01/02/2015,DOM,17:00,https://www.youtube.com/watch?v=QqHTdsisOzk
20,39,Fagner,Renato Augusto,56,2T,Norte,Fora,Pe Direito,1,35,TIT,V,3 x 0,Marilia,Paulista,01/02/2015,DOM,17:00,https://www.youtube.com/watch?v=QqHTdsisOzk
20,40,Guerrero,Renato Augusto,59,2T,Norte,Dentro,Pe Direito,1,9,TIT,V,3 x 0,Marilia,Paulista,01/02/2015,DOM,17:00,https://www.youtube.com/watch?v=QqHTdsisOzk
21,41,Emerson,Guerrero,1,1T,Sul,Fora,Pe Direito,1,11,TIT,V,4 x 0,Once Caldas (COL),Libertadores,04/02/2015,QUA,22:00,https://www.youtube.com/watch?v=OdOqdMpaXkg
21,42,Felipe,Jadson,55,2T,Norte,Dentro,Cabeca,1,22,TIT,V,4 x 0,Once Caldas (COL),Libertadores,04/02/2015,QUA,22:00,https://www.youtube.com/watch?v=OdOqdMpaXkg
21,43,Elias,Renato Augusto,70,2T,Norte,Dentro,Pe Direito,1,7,TIT,V,4 x 0,Once Caldas (COL),Libertadores,04/02/2015,QUA,22:00,https://www.youtube.com/watch?v=OdOqdMpaXkg
21,44,Fagner,Renato Augusto,79,2T,Norte,Dentro,Pe Direito,1,23,TIT,V,4 x 0,Once Caldas (COL),Libertadores,04/02/2015,QUA,22:00,https://www.youtube.com/watch?v=OdOqdMpaXkg
22,45,Fabio Santos,(Penalti),43,1T,Sul,Dentro,Pe Esquerdo,1,6,TIT,V,2 x 1,Botafogo (SP),Paulista,14/02/2015,SAB,17:00,https://www.youtube.com/watch?v=Yrn1viwMbtI
22,46,Fabio Santos,(Penalti),90+5,2T,Norte,Dentro,Pe Esquerdo,1,6,TIT,V,2 x 1,Botafogo (SP),Paulista,14/02/2015,SAB,17:00,https://www.youtube.com/watch?v=Yrn1viwMbtI
23,47,Elias,Jadson,12,1T,Norte,Dentro,Pe Direito,1,7,TIT,V,2 x 0,Sao Paulo,Libertadores,18/02/2015,QUA,22:00,https://www.youtube.com/watch?v=bv7udEn7l30
23,48,Jadson,Emerson,68,2T,Sul,Dentro,Pe Esquerdo,1,10,TIT,V,2 x 0,Sao Paulo,Libertadores,18/02/2015,QUA,22:00,https://www.youtube.com/watch?v=bv7udEn7l30
24,49,Jadson,Guerrero,59,2T,Norte,Fora,Pe Direito,1,10,TIT,V,3 x 0,Mogi Mirim,Paulista,01/03/2015,DOM,16:00,https://www.youtube.com/watch?v=uSBVCcRF9Is
24,50,Luciano,Guerrero,76,2T,Norte,Dentro,Pe Esquerdo,1,18,RES,V,3 x 0,Mogi Mirim,Paulista,01/03/2015,DOM,16:00,https://www.youtube.com/watch?v=uSBVCcRF9Is
24,51,Guerrero,Luciano,89,2T,Norte,Dentro,Pe Direito,1,9,TIT,V,3 x 0,Mogi Mirim,Paulista,01/03/2015,DOM,16:00,https://www.youtube.com/watch?v=uSBVCcRF9Is
25,52,Malcom,Vagner Love,31,1T,Sul,Dentro,Pe Esquerdo,1,21,TIT,V,1 x 0,Sao Bernardo,Paulista,11/03/2015,QUA,22:00,https://www.youtube.com/watch?v=UxTdMwTiVu8
27,53,Malcom,Danilo,28,1T,Norte,Dentro,Cabeca,1,21,TIT,V,2 x 0,Portuguesa,Paulista,24/03/2015,TER,19:30,https://www.youtube.com/watch?v=IAQuYjddjVg
27,54,Malcom,X,64,2T,Sul,Dentro,Pe Direito,1,21,TIT,V,2 x 0,Portuguesa,Paulista,24/03/2015,TER,19:30,https://www.youtube.com/watch?v=IAQuYjddjVg
28,55,Guerrero,X,10,1T,Sul,Dentro,Pe Direito,1,9,TIT,V,5 x 3,Penapolense,Paulista,26/03/2015,QUI,19:30,https://www.youtube.com/watch?v=mG4ii0N87ZI
28,56,Yago,Renato Augusto,12,1T,Sul,Dentro,Cabeca,1,3,TIT,V,5 x 3,Penapolense,Paulista,26/03/2015,QUI,19:30,https://www.youtube.com/watch?v=mG4ii0N87ZI
28,57,Emerson,Guerrero,27,1T,Sul,Dentro,Pe Direito,1,11,TIT,V,5 x 3,Penapolense,Paulista,26/03/2015,QUI,19:30,https://www.youtube.com/watch?v=mG4ii0N87ZI
28,58,Petros,Jadson,30,1T,Sul,Dentro,Pe Direito,1,40,TIT,V,5 x 3,Penapolense,Paulista,26/03/2015,QUI,19:30,https://www.youtube.com/watch?v=mG4ii0N87ZI
28,59,Guerrero,Jadson,53,2T,Norte,Dentro,Pe Direito,1,9,TIT,V,5 x 3,Penapolense,Paulista,26/03/2015,QUI,19:30,https://www.youtube.com/watch?v=mG4ii0N87ZI
29,60,Jadson,(Falta),27,1T,Sul,Fora,Pe Direito,1,10,TIT,V,4 x 0,Danubio (URU),Libertadores,01/04/2015,QUA,22:00,https://www.youtube.com/watch?v=yukqIwne3CA
29,61,Guerrero,Elias,34,1T,Sul,Dentro,Cabeca,1,9,TIT,V,4 x 0,Danubio (URU),Libertadores,01/04/2015,QUA,22:00,https://www.youtube.com/watch?v=yukqIwne3CA
29,62,Guerrero,Emerson,46,2T,Norte,Dentro,Pe Direito,1,9,TIT,V,4 x 0,Danubio (URU),Libertadores,01/04/2015,QUA,22:00,https://www.youtube.com/watch?v=yukqIwne3CA
29,63,Guerrero,Jadson,68,2T,Norte,Dentro,Pe Direito,1,9,TIT,V,4 x 0,Danubio (URU),Libertadores,01/04/2015,QUA,22:00,https://www.youtube.com/watch?v=yukqIwne3CA
30,64,Felipe,Jadson,42,1T,Sul,Dentro,Cabeca,2,28,TIT,E,1 x 1,Santos,Paulista,05/04/2015,DOM,16:00,https://www.youtube.com/watch?v=661LPakJZzg
31,65,Renato Augusto,Vagner Love,56,2T,Sul,Dentro,Pe Direito,1,8,TIT,V,1 x 0,Ponte Preta,Paulista,11/04/2015,SAB,16:20,https://www.youtube.com/watch?v=m3WRkgNZ66Y
33,66,Danilo,Jadson,34,1T,Sul,Dentro,Cabeca,1,20,TIT,E,2 x 2,Palmeiras,Paulista,19/04/2015,DOM,16:00,https://www.youtube.com/watch?v=GMSraa1yGuE
33,67,Mendoza,Bruno Henrique,44,1T,Sul,Fora,Pe Esquerdo,1,30,TIT,E,2 x 2,Palmeiras,Paulista,19/04/2015,DOM,16:00,https://www.youtube.com/watch?v=GMSraa1yGuE
36,68,Jadson,(Falta),51,2T,Sul,Fora,Pe Direito,1,10,TIT,V,2 x 1,Internacional,Brasileiro,13/06/2015,SAB,16:30,https://www.youtube.com/watch?v=UrZMmLPYPyg
36,69,Vagner Love,X,67,2T,Sul,Dentro,Pe Esquerdo,1,99,RES,V,2 x 1,Internacional,Brasileiro,13/06/2015,SAB,16:30,https://www.youtube.com/watch?v=UrZMmLPYPyg
37,70,Vagner Love,Uendel,55,2T,Norte,Dentro,Pe Direito,2,99,TIT,V,2 x 1,Figueirense,Brasileiro,27/06/2015,SAB,21:00,https://www.youtube.com/watch?v=-RDzeBpgULM
37,71,Jadson,(Penalti),65,2T,Norte,Dentro,Pe Direito,2,10,TIT,V,2 x 1,Figueirense,Brasileiro,27/06/2015,SAB,21:00,https://www.youtube.com/watch?v=-RDzeBpgULM
38,72,Jadson,Elias,41,1T,Norte,Dentro,Pe Direito,1,10,TIT,V,2 x 0,Ponte Preta,Brasileiro,02/07/2015,QUI,19:30,https://www.youtube.com/watch?v=3gTa6pBI5o4
38,73,Vagner Love,X,90+6,2T,Sul,Dentro,Pe Direito,1,99,TIT,V,2 x 0,Ponte Preta,Brasileiro,02/07/2015,QUI,19:30,https://www.youtube.com/watch?v=3gTa6pBI5o4
39,74,Elias,Jadson,34,1T,Sul,Dentro,Pe Direito,1,7,TIT,V,2 x 0,Athletico,Brasileiro,09/07/2015,QUI,19:30,https://www.youtube.com/watch?v=snlqqyteb7E
39,75,Jadson,(Falta),77,2T,Norte,Fora,Pe Direito,1,10,TIT,V,2 x 0,Athletico,Brasileiro,09/07/2015,QUI,19:30,https://www.youtube.com/watch?v=snlqqyteb7E
40,76,Malcom,Vagner Love,42,1T,Norte,Dentro,Pe Esquerdo,2,21,TIT,V,1 x 0,Atletico MG,Brasileiro,18/07/2015,SAB,21:00,https://www.youtube.com/watch?v=W1nHH76Ra_0
41,77,Renato Augusto,Elias,47,2T,Norte,Dentro,Pe Direito,1,8,TIT,V,3 x 0,Vasco da Gama,Brasileiro,29/07/2015,QUA,22:00,https://www.youtube.com/watch?v=bldPrfQ4goQ
41,78,Gil,X,61,2T,Norte,Dentro,Pe Direito,1,4,TIT,V,3 x 0,Vasco da Gama,Brasileiro,29/07/2015,QUA,22:00,https://www.youtube.com/watch?v=bldPrfQ4goQ
41,79,Elias,Malcom,77,2T,Norte,Fora,Pe Direito,1,7,TIT,V,3 x 0,Vasco da Gama,Brasileiro,29/07/2015,QUA,22:00,https://www.youtube.com/watch?v=bldPrfQ4goQ
42,80,Luciano,Elias,13,1T,Sul,Dentro,Pe Esquerdo,1,18,TIT,V,4 x 3,Sport,Brasileiro,12/08/2015,QUA,22:00,https://www.youtube.com/watch?v=A6tzQ35pP3Y
42,81,Luciano,X,45+2,1T,Sul,Dentro,Pe Esquerdo,1,18,TIT,V,4 x 3,Sport,Brasileiro,12/08/2015,QUA,22:00,https://www.youtube.com/watch?v=A6tzQ35pP3Y
42,82,Samuel Xavier (GC),X,60,2T,Norte,Dentro,Pe Direito,X,X,X,V,4 x 3,Sport,Brasileiro,12/08/2015,QUA,22:00,https://www.youtube.com/watch?v=A6tzQ35pP3Y
42,83,Jadson,(Penalti),87,2T,Norte,Dentro,Pe Direito,1,10,TIT,V,4 x 3,Sport,Brasileiro,12/08/2015,QUA,22:00,https://www.youtube.com/watch?v=A6tzQ35pP3Y
43,84,Vagner Love,X,15,1T,Sul,Dentro,Pe Direito,1,99,TIT,V,3 x 0,Cruzeiro,Brasileiro,23/08/2015,DOM,16:00,https://www.youtube.com/watch?v=rV-hEgFpPSE
43,85,Jadson,Renato Augusto,44,1T,Sul,Dentro,Pe Direito,1,10,TIT,V,3 x 0,Cruzeiro,Brasileiro,23/08/2015,DOM,16:00,https://www.youtube.com/watch?v=rV-hEgFpPSE
43,86,Vagner Love,Malcom,48,2T,Norte,Dentro,Pe Direito,1,99,TIT,V,3 x 0,Cruzeiro,Brasileiro,23/08/2015,DOM,16:00,https://www.youtube.com/watch?v=rV-hEgFpPSE
44,87,Romero,Vagner Love,73,2T,Sul,Dentro,Pe Direito,2,11,RES,D,1 x 2,Santos,Copa do Brasil,26/08/2015,QUA,22:00,https://www.youtube.com/watch?v=b0bgG4z322A
45,88,Marciel,Jadson,5,1T,Sul,Fora,Pe Direito,3,22,TIT,V,2 x 0,Fluminense,Brasileiro,02/09/2015,QUA,22:00,https://www.youtube.com/watch?v=GtVfB2jnX-Y
45,89,Ralf,Jadson,71,2T,Norte,Dentro,Cabeca,3,5,TIT,V,2 x 0,Fluminense,Brasileiro,02/09/2015,QUA,22:00,https://www.youtube.com/watch?v=GtVfB2jnX-Y
46,90,Renato Augusto,Jadson,66,2T,Norte,Dentro,Cabeca,1,8,TIT,E,1 x 1,Gremio,Brasileiro,09/09/2015,QUA,22:00,https://www.youtube.com/watch?v=QcIVGo-tDKo
47,91,Malcom,Uendel,39,1T,Sul,Dentro,Pe Esquerdo,1,21,RES,V,3 x 0,Joinville,Brasileiro,13/09/2015,DOM,11:00,https://www.youtube.com/watch?v=iG6s5syurQA
47,92,Uendel,X,58,2T,Norte,Dentro,Pe Direito,1,6,TIT,V,3 x 0,Joinville,Brasileiro,13/09/2015,DOM,11:00,https://www.youtube.com/watch?v=iG6s5syurQA
47,93,Vagner Love,Renato Augusto,88,2T,Norte,Fora,Pe Esquerdo,1,99,TIT,V,3 x 0,Joinville,Brasileiro,13/09/2015,DOM,11:00,https://www.youtube.com/watch?v=iG6s5syurQA
48,94,Jadson,(Penalti),86,2T,Sul,Dentro,Pe Direito,1,10,TIT,V,2 x 0,Santos,Brasileiro,20/09/2015,DOM,11:00,https://www.youtube.com/watch?v=Jrkc_S9UB3c
48,95,Jadson,Elias,88,2T,Sul,Dentro,Pe Direito,1,10,TIT,V,2 x 0,Santos,Brasileiro,20/09/2015,DOM,11:00,https://www.youtube.com/watch?v=Jrkc_S9UB3c
49,96,Edu Dracena,Jadson,16,1T,Norte,Dentro,Cabeca,1,2,TIT,V,3 x 0,Goias,Brasileiro,15/10/2015,QUI,19:30,https://www.youtube.com/watch?v=zQQNnVl56Jc
49,97,Malcom,Vagner Love,26,1T,Norte,Dentro,Pe Esquerdo,1,21,TIT,V,3 x 0,Goias,Brasileiro,15/10/2015,QUI,19:30,https://www.youtube.com/watch?v=zQQNnVl56Jc
49,98,Rodriguinho,Jadson,88,2T,Sul,Fora,Pe Direito,1,26,TIT,V,3 x 0,Goias,Brasileiro,15/10/2015,QUI,19:30,https://www.youtube.com/watch?v=zQQNnVl56Jc
50,99,Vagner Love,Malcom,45+2,1T,Sul,Dentro,Pe Direito,1,99,TIT,V,1 x 0,Flamengo,Brasileiro,25/10/2015,DOM,17:00,https://www.youtube.com/watch?v=Srh1xjrw9ns
51,100,Jadson,(Penalti),16,1T,Norte,Dentro,Pe Direito,1,10,TIT,V,2 x 1,Coritiba,Brasileiro,07/11/2015,SAB,19:30,https://www.youtube.com/watch?v=_5xHVmW16Bc
51,101,Lucca,Danilo,88,2T,Sul,Dentro,Pe Direito,1,30,RES,V,2 x 1,Coritiba,Brasileiro,07/11/2015,SAB,19:30,https://www.youtube.com/watch?v=_5xHVmW16Bc
52,102,Bruno Henrique,X,27,1T,Sul,Dentro,Pe Esquerdo,2,25,TIT,V,6 x 1,Sao Paulo,Brasileiro,22/11/2015,DOM,17:00,https://www.youtube.com/watch?v=hlQuNkaq4DM
52,103,Romero,Lucca,29,1T,Sul,Dentro,Cabeca,2,11,TIT,V,6 x 1,Sao Paulo,Brasileiro,22/11/2015,DOM,17:00,https://www.youtube.com/watch?v=hlQuNkaq4DM
52,104,Edu Dracena,X,45+1,1T,Sul,Dentro,Pe Direito,2,2,TIT,V,6 x 1,Sao Paulo,Brasileiro,22/11/2015,DOM,17:00,https://www.youtube.com/watch?v=hlQuNkaq4DM
52,105,Lucca,Danilo,61,2T,Norte,Dentro,Pe Direito,2,30,TIT,V,6 x 1,Sao Paulo,Brasileiro,22/11/2015,DOM,17:00,https://www.youtube.com/watch?v=hlQuNkaq4DM
52,106,Romero,Fagner,64,2T,Norte,Dentro,Pe Direito,2,11,TIT,V,6 x 1,Sao Paulo,Brasileiro,22/11/2015,DOM,17:00,https://www.youtube.com/watch?v=hlQuNkaq4DM
52,107,Cristian,(Penalti),76,2T,Norte,Dentro,Pe Direito,2,16,RES,V,6 x 1,Sao Paulo,Brasileiro,22/11/2015,DOM,17:00,https://www.youtube.com/watch?v=hlQuNkaq4DM
53,108,Vagner Love,X,78,2T,Norte,Dentro,Pe Direito,1,99,TIT,E,1 x 1,Avai,Brasileiro,06/12/2015,DOM,17:00,https://www.youtube.com/watch?v=G_fW5Z3hVd4
54,109,Romero,X,90+2,2T,Norte,Dentro,Pe Esquerdo,1,11,TIT,V,1 x 0,XV de Piracicaba,Paulista,31/01/2016,DOM,17:00,https://www.youtube.com/watch?v=1EZ26yZc7Bw
55,110,Romero,Edilson,3,1T,Sul,Dentro,Pe Direito,1,11,TIT,V,2 x 1,Capivariano,Paulista,11/02/2016,QUI,21:00,https://www.youtube.com/watch?v=08TyB00kIIU
55,111,Guilherme,X,47,2T,Norte,Dentro,Pe Esquerdo,1,10,TIT,V,2 x 1,Capivariano,Paulista,11/02/2016,QUI,21:00,https://www.youtube.com/watch?v=08TyB00kIIU
56,112,Lucca,X,24,1T,Sul,Dentro,Pe Esquerdo,1,30,TIT,V,2 x 0,Sao Paulo,Paulista,14/02/2016,DOM,17:00,https://www.youtube.com/watch?v=BMZTUsyc-mA
56,113,Yago,Giovanni Augusto,86,2T,Norte,Dentro,Cabeca,1,3,TIT,V,2 x 0,Sao Paulo,Paulista,14/02/2016,DOM,17:00,https://www.youtube.com/watch?v=BMZTUsyc-mA
57,114,Rodriguinho,Uendel,90+1,2T,Norte,Dentro,Pe Direito,1,26,TIT,V,1 x 0,Oeste,Paulista,27/02/2016,SAB,21:00,https://www.youtube.com/watch?v=Uj9kAlTgAcE
58,115,Guilherme,Rodriguinho,65,2T,Norte,Dentro,Cabeca,1,10,TIT,V,1 x 0,Santa Fe (COL),Libertadores,02/03/2016,QUA,21:45,https://www.youtube.com/watch?v=fbWLT3O_U7o
59,116,Lucca,Bruno Henrique,23,1T,Norte,Dentro,Pe Esquerdo,1,30,TIT,V,2 x 0,Cerro Porteño (PAR),Libertadores,16/03/2016,QUA,21:45,https://www.youtube.com/watch?v=FSDmiekYeXk
59,117,Victor Mareco (GC),X,61,2T,Sul,Dentro,Cabeca,X,X,X,V,2 x 0,Cerro Porteño (PAR),Libertadores,16/03/2016,QUA,21:45,https://www.youtube.com/watch?v=FSDmiekYeXk
60,118,Romero,Danilo,8,1T,Sul,Dentro,Pe Direito,1,11,TIT,V,4 x 0,Linense,Paulista,19/03/2016,SAB,16:00,https://www.youtube.com/watch?v=7KKgWfQVD4M
60,119,Balbuena,Edilson,14,1T,Sul,Dentro,Cabeca,1,4,TIT,V,4 x 0,Linense,Paulista,19/03/2016,SAB,16:00,https://www.youtube.com/watch?v=7KKgWfQVD4M
60,120,Edilson,X,57,2T,Norte,Fora,Pe Direito,1,2,TIT,V,4 x 0,Linense,Paulista,19/03/2016,SAB,16:00,https://www.youtube.com/watch?v=7KKgWfQVD4M
60,121,Romero,Andre,69,2T,Norte,Fora,Pe Direito,1,11,TIT,V,4 x 0,Linense,Paulista,19/03/2016,SAB,16:00,https://www.youtube.com/watch?v=7KKgWfQVD4M
61,122,Felipe,Fagner,87,2T,Norte,Dentro,Cabeca,1,28,TIT,V,1 x 0,Ituano,Paulista,26/03/2016,SAB,21:00,https://www.youtube.com/watch?v=X-Y7h2iBfYw
62,123,Romero,X,26,1T,Sul,Dentro,Pe Esquerdo,1,11,TIT,V,2 x 1,Ponte Preta,Paulista,30/03/2016,QUA,21:45,https://www.youtube.com/watch?v=PCuF1O7LU-8
62,124,Balbuena,Giovanni Augusto,83,2T,Norte,Dentro,Cabeca,1,4,TIT,V,2 x 1,Ponte Preta,Paulista,30/03/2016,QUA,21:45,https://www.youtube.com/watch?v=PCuF1O7LU-8
63,125,Fagner,X,40,1T,Sul,Fora,Pe Direito,1,23,TIT,V,3 x 0,Novorizontino,Paulista,10/04/2016,DOM,16:00,https://www.youtube.com/watch?v=wg2VKBBVck4
63,126,Fagner,Elias,48,2T,Norte,Dentro,Pe Direito,1,23,TIT,V,3 x 0,Novorizontino,Paulista,10/04/2016,DOM,16:00,https://www.youtube.com/watch?v=wg2VKBBVck4
63,127,Alan Mineiro,Luciano,89,2T,Norte,Fora,Pe Direito,1,29,RES,V,3 x 0,Novorizontino,Paulista,10/04/2016,DOM,16:00,https://www.youtube.com/watch?v=wg2VKBBVck4
64,128,Giovanni Augusto,X,17,1T,Norte,Dentro,Pe Direito,1,17,TIT,V,4 x 0,Red Bull,Paulista,16/04/2016,SAB,16:20,https://www.youtube.com/watch?v=LluSg1__sn4
64,129,Andre,Fagner,40,1T,Norte,Dentro,Pe Direito,1,9,TIT,V,4 x 0,Red Bull,Paulista,16/04/2016,SAB,16:20,https://www.youtube.com/watch?v=LluSg1__sn4
64,130,Alan Mineiro,X,57,2T,Sul,Dentro,Pe Direito,1,29,RES,V,4 x 0,Red Bull,Paulista,16/04/2016,SAB,16:20,https://www.youtube.com/watch?v=LluSg1__sn4
64,131,Lucca,Alan Mineiro,69,2T,Sul,Dentro,Pe Direito,1,30,TIT,V,4 x 0,Red Bull,Paulista,16/04/2016,SAB,16:20,https://www.youtube.com/watch?v=LluSg1__sn4
65,132,Marlone,Balbuena,9,1T,Sul,Dentro,Cabeca,1,8,TIT,V,6 x 0,Cobresal (CHI),Libertadores,20/04/2016,QUA,21:45,https://www.youtube.com/watch?v=wPjnwnF28nQ
65,133,Romero,Rodriguinho,13,1T,Sul,Dentro,Pe Direito,1,11,TIT,V,6 x 0,Cobresal (CHI),Libertadores,20/04/2016,QUA,21:45,https://www.youtube.com/watch?v=wPjnwnF28nQ
65,134,Marlone,Edilson,39,1T,Sul,Dentro,Pe Direito,1,8,TIT,V,6 x 0,Cobresal (CHI),Libertadores,20/04/2016,QUA,21:45,https://www.youtube.com/watch?v=wPjnwnF28nQ
65,135,Guilherme Arana,X,45,1T,Sul,Fora,Pe Esquerdo,1,13,TIT,V,6 x 0,Cobresal (CHI),Libertadores,20/04/2016,QUA,21:45,https://www.youtube.com/watch?v=wPjnwnF28nQ
65,136,Elias,Romero,75,2T,Norte,Dentro,Pe Direito,1,7,RES,V,6 x 0,Cobresal (CHI),Libertadores,20/04/2016,QUA,21:45,https://www.youtube.com/watch?v=wPjnwnF28nQ
65,137,Romero,Edilson,77,2T,Norte,Dentro,Pe Esquerdo,1,11,TIT,V,6 x 0,Cobresal (CHI),Libertadores,20/04/2016,QUA,21:45,https://www.youtube.com/watch?v=wPjnwnF28nQ
66,138,Andre,Bruno Henrique,52,2T,Norte,Dentro,Cabeca,1,9,TIT,E,2 x 2,Audax,Paulista,23/04/2016,SAB,18:30,https://www.youtube.com/watch?v=IvY1QshWZPs
66,139,Andre,Romero,79,2T,Norte,Dentro,Pe Direito,1,9,TIT,E,2 x 2,Audax,Paulista,23/04/2016,SAB,18:30,https://www.youtube.com/watch?v=IvY1QshWZPs
67,140,Lucca,Andre,15,1T,Sul,Dentro,Pe Esquerdo,1,30,TIT,E,2 x 2,Nacional (URU),Paulista,04/05/2016,QUA,21:45,https://www.youtube.com/watch?v=ydXhqQEkaV0
67,141,Marquinhos Gabriel,(Penalti),90+4,2T,Norte,Dentro,Pe Esquerdo,1,21,RES,E,2 x 2,Nacional (URU),Paulista,04/05/2016,QUA,21:45,https://www.youtube.com/watch?v=ydXhqQEkaV0
69,142,Kadu (GC),X,15,1T,Sul,Dentro,Pe Direito,X,X,X,V,3 x 0,Ponte Preta,Brasileiro,26/05/2016,QUI,11:00,https://www.youtube.com/watch?v=cdTkCUa4Bkg
69,143,Bruno Henrique,X,22,1T,Sul,Fora,Pe Direito,1,25,TIT,V,3 x 0,Ponte Preta,Brasileiro,26/05/2016,QUI,11:00,https://www.youtube.com/watch?v=cdTkCUa4Bkg
69,144,Guilherme,Fagner,79,2T,Norte,Fora,Pe Direito,1,10,TIT,V,3 x 0,Ponte Preta,Brasileiro,26/05/2016,QUI,11:00,https://www.youtube.com/watch?v=cdTkCUa4Bkg
70,145,Giovanni Augusto,Cristian,82,2T,Norte,Dentro,Pe Direito,1,17,TIT,V,1 x 0,Santos,Brasileiro,01/06/2016,QUA,21:00,https://www.youtube.com/watch?v=n5hsFj2kNWk
71,146,Andre,Uendel,89,2T,Norte,Dentro,Pe Direito,1,9,RES,V,2 x 1,Coritiba,Brasileiro,04/06/2016,SAB,20:30,https://www.youtube.com/watch?v=iJYz2enTo9A
71,147,Uendel,Marquinhos Gabriel,90+5,2T,Norte,Dentro,Cabeca,1,6,TIT,V,2 x 1,Coritiba,Brasileiro,04/06/2016,SAB,20:30,https://www.youtube.com/watch?v=iJYz2enTo9A
72,148,Bruno Henrique,Fagner,24,1T,Sul,Fora,Pe Direito,1,25,TIT,V,3 x 1,Botafogo (RJ),Brasileiro,19/06/2016,DOM,16:00,https://www.youtube.com/watch?v=3iDvsIVlCL8
72,149,Bruno Henrique,Romero,53,2T,Norte,Dentro,Pe Esquerdo,1,25,TIT,V,3 x 1,Botafogo (RJ),Brasileiro,19/06/2016,DOM,16:00,https://www.youtube.com/watch?v=3iDvsIVlCL8
72,150,Marquinhos Gabriel,Balbuena,89,2T,Norte,Dentro,Pe Esquerdo,1,31,TIT,V,3 x 1,Botafogo (RJ),Brasileiro,19/06/2016,DOM,16:00,https://www.youtube.com/watch?v=3iDvsIVlCL8
73,151,Luciano,Uendel,27,1T,Sul,Dentro,Pe Esquerdo,1,18,TIT,V,2 x 1,Santa Cruz,Brasileiro,25/06/2016,SAB,21:00,https://www.youtube.com/watch?v=84XXt0IfGYA
73,152,Romero,Luciano,37,1T,Sul,Dentro,Pe Direito,1,11,TIT,V,2 x 1,Santa Cruz,Brasileiro,25/06/2016,SAB,21:00,https://www.youtube.com/watch?v=84XXt0IfGYA
74,153,Romero,X,59,2T,Norte,Dentro,Pe Direito,1,11,TIT,V,4 x 0,Flamengo,Brasileiro,03/07/2016,DOM,16:00,https://www.youtube.com/watch?v=JW_a80U3NYk
74,154,Guilherme,Romero,78,2T,Norte,Fora,Pe Direito,1,10,RES,V,4 x 0,Flamengo,Brasileiro,03/07/2016,DOM,16:00,https://www.youtube.com/watch?v=JW_a80U3NYk
74,155,Rildo,X,80,2T,Norte,Dentro,Pe Direito,1,19,RES,V,4 x 0,Flamengo,Brasileiro,03/07/2016,DOM,16:00,https://www.youtube.com/watch?v=JW_a80U3NYk
74,156,Romero,Rodriguinho,89,2T,Norte,Dentro,Pe Esquerdo,1,11,TIT,V,4 x 0,Flamengo,Brasileiro,03/07/2016,DOM,16:00,https://www.youtube.com/watch?v=JW_a80U3NYk
75,157,Bruno Henrique,X,22,1T,Sul,Dentro,Cabeca,1,25,TIT,E,1 x 1,Sao Paulo,Brasileiro,17/07/2016,DOM,16:00,https://www.youtube.com/watch?v=V2mvAZ5pu0s
76,158,Danilo,Marquinhos Gabriel,84,2T,Sul,Dentro,Cabeca,1,20,RES,E,1 x 1,Figueirense,Brasileiro,23/07/2016,SAB,16:00,https://www.youtube.com/watch?v=geyqtiX4j5Q
77,159,Marlone,Elias,51,2T,Norte,Fora,Pe Direito,1,8,RES,V,2 x 1,Vitoria,Brasileiro,22/08/2016,SEG,20:00,https://www.youtube.com/watch?v=P9Pv_NZmVcE
77,160,Marquinhos Gabriel,Uendel,71,2T,Norte,Dentro,Peito,1,31,TIT,V,2 x 1,Vitoria,Brasileiro,22/08/2016,SEG,20:00,https://www.youtube.com/watch?v=P9Pv_NZmVcE
78,161,Rodriguinho,Marlone,47,2T,Norte,Dentro,Cabeca,1,26,TIT,V,3 x 0,Sport,Brasileiro,08/09/2016,QUI,19:30,https://www.youtube.com/watch?v=vBaioytvSe4
78,162,Leo Principe,Marlone,54,2T,Norte,Dentro,Pe Direito,1,32,TIT,V,3 x 0,Sport,Brasileiro,08/09/2016,QUI,19:30,https://www.youtube.com/watch?v=vBaioytvSe4
78,163,Vilson,Lucca,62,2T,Norte,Dentro,Cabeca,1,15,TIT,V,3 x 0,Sport,Brasileiro,08/09/2016,QUI,19:30,https://www.youtube.com/watch?v=vBaioytvSe4
80,164,Rodriguinho,Giovanni Augusto,68,2T,Norte,Dentro,Pe Esquerdo,1,26,TIT,V,1 x 0,Fluminense,Copa do Brasil,21/09/2016,QUA,21:45,https://www.youtube.com/watch?v=Wvcau-uAnV8
82,165,Leo (GC),X,47,2T,Sul,Dentro,Pe Esquerdo,X,X,X,V,2 x 1,Cruzeiro,Copa do Brasil,28/09/2016,QUA,21:45,https://www.youtube.com/watch?v=HSXMpLKVL6E
82,166,Romero,Marlone,54,2T,Sul,Dentro,Cabeca,1,11,TIT,V,2 x 1,Cruzeiro,Copa do Brasil,28/09/2016,QUA,21:45,https://www.youtube.com/watch?v=HSXMpLKVL6E
84,167,Romero,Guilherme,17,1T,Sul,Dentro,Pe Direito,1,11,TIT,V,2 x 0,America MG,Brasileiro,16/10/2016,DOM,16:30,https://www.youtube.com/watch?v=Yr2pMgMHp-E
84,168,Rodriguinho,Guilherme,39,1T,Sul,Dentro,Pe Direito,1,26,TIT,V,2 x 0,America MG,Brasileiro,16/10/2016,DOM,16:30,https://www.youtube.com/watch?v=RhH03kGL2nw
85,169,Giovanni Augusto,(Penalti),74,2T,Norte,Dentro,Pe Direito,1,17,TIT,E,1 x 1,Chapecoense,Brasileiro,29/10/2016,SAB,16:30,https://www.youtube.com/watch?v=unkvY4rfz20
86,170,Marlone,(Penalti),56,2T,Norte,Dentro,Pe Direito,1,8,TIT,V,1 x 0,Internacional,Brasileiro,21/11/2016,SEG,20:00,https://www.youtube.com/watch?v=IG-buKHNFRM
88,171,Marquinhos Gabriel,Camacho,90+4,2T,Norte,Dentro,Pe Direito,1,31,RES,V,1 x 0,Ferroviaria,Amistoso,01/02/2017,QUA,21:45,https://www.youtube.com/watch?v=v76m-ZraWco
90,172,Pablo,Fagner,28,1T,Norte,Dentro,Cabeca,1,3,TIT,V,1 x 0,Novorizontino,Paulista,15/02/2017,QUA,19:30,https://www.youtube.com/watch?v=EzMfbRYqI7Y
91,173,Jo,Maycon,87,2T,Norte,Fora,Pe Esquerdo,1,7,RES,V,1 x 0,Palmeiras,Paulista,22/02/2017,QUA,21:45,https://www.youtube.com/watch?v=kDbQT2gzoRM
92,174,Jo,Guilherme Arana,47,2T,Norte,Dentro,Cabeca,1,7,TIT,V,1 x 0,Santos,Paulista,04/03/2017,SAB,18:30,https://www.youtube.com/watch?v=PeWSWZ4yc_s
93,175,Jo,Pedro Henrique,30,1T,Sul,Dentro,Pe Esquerdo,1,7,TIT,E,1 x 1,Luverdense,Copa do Brasil,16/03/2017,QUI,19:30,https://www.youtube.com/watch?v=3YqRPYJk4go
94,176,Maycon,(Falta),73,2T,Norte,Fora,Pe Esquerdo,1,30,TIT,E,1 x 1,Red Bull,Paulista,23/03/2017,QUI,17:00,https://www.youtube.com/watch?v=uzFpXGCJ75I
95,177,Leo Jaba,Guilherme Arana,11,1T,Norte,Dentro,Cabeca,1,37,TIT,V,3 x 1,Linense,Paulista,29/03/2017,QUA,21:45,https://www.youtube.com/watch?v=JbfCvTPV5XE
95,178,Jadson,Leo Principe,39,1T,Norte,Fora,Pe Direito,1,77,TIT,V,3 x 1,Linense,Paulista,29/03/2017,QUA,21:45,https://www.youtube.com/watch?v=JbfCvTPV5XE
95,179,Romero,Jadson,67,2T,Sul,Dentro,Pe Direito,1,11,RES,V,3 x 1,Linense,Paulista,29/03/2017,QUA,21:45,https://www.youtube.com/watch?v=JbfCvTPV5XE
96,180,Rodriguinho,X,41,1T,Norte,Dentro,Pe Esquerdo,1,26,TIT,V,2 x 0,Universidad (CHI),Sulamericana,05/04/2017,QUA,21:45,https://www.youtube.com/watch?v=THzY6ThDOdo
96,181,Jadson,Rodriguinho,69,2T,Sul,Fora,Pe Direito,1,10,TIT,V,2 x 0,Universidad (CHI),Sulamericana,05/04/2017,QUA,21:45,https://www.youtube.com/watch?v=THzY6ThDOdo
97,182,Rodriguinho,Jadson,37,1T,Norte,Dentro,Cabeca,1,26,TIT,V,1 x 0,Botafogo (SP),Paulista,09/04/2017,DOM,16:00,https://www.youtube.com/watch?v=aTS-ymIU3SU
98,183,Maycon,Jo,8,1T,Sul,Dentro,Pe Esquerdo,1,30,TIT,E,1 x 1,Internacional,Copa do Brasil,19/04/2017,QUA,21:45,https://www.youtube.com/watch?v=GtyhzhNZAYk
99,184,Jo,Jadson,45+2,1T,Sul,Dentro,Pe Esquerdo,1,7,TIT,E,1 x 1,Sao Paulo,Paulista,23/04/2017,DOM,16:00,https://www.youtube.com/watch?v=ffzTig4mfqU
100,185,Romero,X,62,2T,Norte,Dentro,Pe Direito,1,11,TIT,E,1 x 1,Ponte Preta,Paulista,07/05/2017,DOM,16:00,https://www.youtube.com/watch?v=OCBZdwnCG58
101,186,Jo,Rodriguinho,22,1T,Sul,Dentro,Pe Direito,1,7,TIT,E,1 x 1,Chapecoense,Brasileiro,13/05/2017,SAB,19:00,https://www.youtube.com/watch?v=8V5j_JQ2QaA
102,187,Romero,Jo,69,2T,Norte,Dentro,Pe Direito,1,11,TIT,V,2 x 0,Santos,Brasileiro,03/06/2017,SAB,19:00,https://www.youtube.com/watch?v=bDLLGZBFuOg
102,188,Jo,Rodriguinho,75,2T,Norte,Dentro,Pe Esquerdo,1,7,TIT,V,2 x 0,Santos,Brasileiro,03/06/2017,SAB,19:00,https://www.youtube.com/watch?v=bDLLGZBFuOg
103,189,Romero,Marquinhos Gabriel,7,1T,Sul,Dentro,Pe Direito,1,11,TIT,V,3 x 2,Sao Paulo,Brasileiro,11/06/2017,DOM,16:00,https://www.youtube.com/watch?v=jMfD-qWODz8
103,190,Gabriel,X,41,1T,Sul,Dentro,Pe Direito,1,5,TIT,V,3 x 2,Sao Paulo,Brasileiro,11/06/2017,DOM,16:00,https://www.youtube.com/watch?v=jMfD-qWODz8
103,191,Jadson,(Penalti),63,2T,Norte,Dentro,Pe Direito,1,10,TIT,V,3 x 2,Sao Paulo,Brasileiro,11/06/2017,DOM,16:00,https://www.youtube.com/watch?v=jMfD-qWODz8
104,192,Balbuena,Jadson,43,1T,Norte,Dentro,Cabeca,1,4,TIT,V,1 x 0,Cruzeiro,Brasileiro,14/06/2017,QUA,21:45,https://www.youtube.com/watch?v=0NyA4ET7UBU
105,193,Jo,Fagner,25,1T,Norte,Dentro,Pe Direito,1,7,TIT,V,3 x 0,Bahia,Brasileiro,22/06/2017,QUI,19:30,https://www.youtube.com/watch?v=esk8wKvg6Nk
105,194,Balbuena,Romero,79,2T,Sul,Dentro,Pe Direito,1,4,TIT,V,3 x 0,Bahia,Brasileiro,22/06/2017,QUI,19:30,https://www.youtube.com/watch?v=esk8wKvg6Nk
105,195,Marquinhos Gabriel,X,90+3,2T,Sul,Dentro,Pe Esquerdo,1,31,RES,V,3 x 0,Bahia,Brasileiro,22/06/2017,QUI,19:30,https://www.youtube.com/watch?v=esk8wKvg6Nk
106,196,Jo,X,79,2T,Norte,Dentro,Pe Direito,1,7,TIT,V,1 x 0,Botafogo (RJ),Brasileiro,02/07/2017,DOM,16:00,https://www.youtube.com/watch?v=I2pKuYwN5yA
107,197,Jadson,X,45+2,1T,Sul,Dentro,Pe Direito,1,10,TIT,V,2 x 0,Ponte Preta,Brasileiro,08/07/2017,SAB,19:00,https://www.youtube.com/watch?v=nXKuOcIAQBA
107,198,Jo,Rodriguinho,47,2T,Norte,Dentro,Pe Esquerdo,1,7,TIT,V,2 x 0,Ponte Preta,Brasileiro,08/07/2017,SAB,19:00,https://www.youtube.com/watch?v=nXKuOcIAQBA
108,199,Jo,Moises,45,1T,Sul,Dentro,Pe Direito,1,7,TIT,E,2 x 2,Athletico,Brasileiro,15/07/2017,SAB,19:00,https://www.youtube.com/watch?v=zagU6TFVlj0
108,200,Jo,Maycon,51,2T,Norte,Dentro,Pe Esquerdo,1,7,TIT,E,2 x 2,Athletico,Brasileiro,15/07/2017,SAB,19:00,https://www.youtube.com/watch?v=zagU6TFVlj0
109,201,Balbuena,Maycon,28,1T,Sul,Dentro,Cabeca,1,4,TIT,V,2 x 0,Patriotas (COL),Sulamericana,26/07/2017,QUA,21:45,https://www.youtube.com/watch?v=mXPCZB8EGeY
109,202,Pedrinho,Cassio,90+1,2T,Norte,Dentro,Pe Esquerdo,1,20,RES,V,2 x 0,Patriotas (COL),Sulamericana,26/07/2017,QUA,21:45,https://www.youtube.com/watch?v=mXPCZB8EGeY
110,203,Jo,Balbuena,22,1T,Norte,Dentro,Pe Esquerdo,1,7,TIT,E,1 x 1,Flamengo,Brasileiro,30/07/2017,DOM,16:00,https://www.youtube.com/watch?v=KChGXJvgEF4
111,204,Guilherme Arana,Fagner,9,1T,Norte,Fora,Pe Esquerdo,1,13,TIT,V,3 x 1,Sport,Brasileiro,05/08/2017,SAB,19:00,https://www.youtube.com/watch?v=KeW8IV92ATs
111,205,Rodriguinho,Maycon,46,2T,Sul,Fora,Pe Esquerdo,1,26,TIT,V,3 x 1,Sport,Brasileiro,05/08/2017,SAB,19:00,https://www.youtube.com/watch?v=KeW8IV92ATs
111,206,Pedro Henrique,Clayson,66,2T,Sul,Dentro,Cabeca,1,34,TIT,V,3 x 1,Sport,Brasileiro,05/08/2017,SAB,19:00,https://www.youtube.com/watch?v=KeW8IV92ATs
114,207,Maycon,Marciel,30,1T,Sul,Dentro,Pe Esquerdo,1,8,TIT,E,1 x 1,Racing (ARG),Sulamericana,13/09/2017,QUA,21:45,https://www.youtube.com/watch?v=ARWLgWdGl6Q
115,208,Jo,Marquinhos Gabriel,74,2T,Sul,Dentro,Mao,1,7,TIT,V,1 x 0,Vasco da Gama,Brasileiro,17/09/2017,DOM,16:00,https://www.youtube.com/watch?v=C3XYBEXgU-c
116,209,Jo,Jadson,10,1T,Sul,Fora,Pe Esquerdo,1,7,TIT,V,3 x 1,Coritiba,Brasileiro,11/10/2017,QUA,21:00,https://www.youtube.com/watch?v=3MyzFWzgQHg
116,210,Clayson,Rodriguinho,79,2T,Norte,Dentro,Pe Direito,1,25,RES,V,3 x 1,Coritiba,Brasileiro,11/10/2017,QUA,21:00,https://www.youtube.com/watch?v=3MyzFWzgQHg
116,211,Clayson,X,89,2T,Norte,Dentro,Pe Esquerdo,1,25,RES,V,3 x 1,Coritiba,Brasileiro,11/10/2017,QUA,21:00,https://www.youtube.com/watch?v=3MyzFWzgQHg
118,212,Romero,Rodriguinho,27,1T,Norte,Dentro,Pe Direito,1,11,TIT,V,3 x 2,Palmeiras,Brasileiro,05/11/2017,DOM,17:00,https://www.youtube.com/watch?v=9vneE9syKaM
118,213,Balbuena,Clayson,29,1T,Norte,Dentro,Barriga,1,4,TIT,V,3 x 2,Palmeiras,Brasileiro,05/11/2017,DOM,17:00,https://www.youtube.com/watch?v=9vneE9syKaM
118,214,Jo,(Penalti),38,1T,Norte,Dentro,Pe Esquerdo,1,7,TIT,V,3 x 2,Palmeiras,Brasileiro,05/11/2017,DOM,17:00,https://www.youtube.com/watch?v=9vneE9syKaM
119,215,Kazim,Guilherme Arana,49,2T,Norte,Dentro,Peito,1,18,TIT,V,1 x 0,Avai,Brasileiro,11/11/2017,SAB,19:00,https://www.youtube.com/watch?v=uknG32TYiJc
120,216,Jo,Clayson,46,2T,Norte,Dentro,Cabeca,1,7,TIT,V,3 x 1,Fluminense,Brasileiro,15/11/2017,QUA,21:45,https://www.youtube.com/watch?v=yQR8jyTZb7s
120,217,Jo,X,49,2T,Norte,Dentro,Cabeca,1,7,TIT,V,3 x 1,Fluminense,Brasileiro,15/11/2017,QUA,21:45,https://www.youtube.com/watch?v=yQR8jyTZb7s
120,218,Jadson,Fagner,85,2T,Norte,Dentro,Pe Direito,1,10,RES,V,3 x 1,Fluminense,Brasileiro,15/11/2017,QUA,21:45,https://www.youtube.com/watch?v=yQR8jyTZb7s
121,219,Jadson,(Falta),35,1T,Norte,Fora,Pe Direito,1,10,TIT,E,2 x 2,Atletico MG,Brasileiro,26/11/2017,DOM,17:00,https://www.youtube.com/watch?v=6f8DBKyEnb8
121,220,Marquinhos Gabriel,Rodriguinho,58,2T,Sul,Dentro,Pe Esquerdo,1,31,RES,E,2 x 2,Atletico MG,Brasileiro,26/11/2017,DOM,17:00,https://www.youtube.com/watch?v=6f8DBKyEnb8
123,221,Rodriguinho,Maycon,40,1T,Sul,Dentro,Pe Esquerdo,1,26,TIT,V,2 x 0,Palmeiras,Paulista,24/02/2018,SAB,17:00,https://www.youtube.com/watch?v=oxx1I5EPgzk
123,222,Clayson,(Penalti),84,2T,Norte,Dentro,Pe Direito,1,25,TIT,V,2 x 0,Palmeiras,Paulista,24/02/2018,SAB,17:00,https://www.youtube.com/watch?v=oxx1I5EPgzk
124,223,Emerson,X,88,2T,Norte,Dentro,Pe Direito,1,47,RES,V,1 x 0,Mirassol,Paulista,07/03/2018,QUA,21:45,https://www.youtube.com/watch?v=JXXFDexgwe4
125,224,Emerson,Romero,65,2T,Norte,Dentro,Cabeca,1,7,TIT,V,2 x 0,Deportivo Lara (VEN),Libertadores,14/03/2018,QUA,21:45,https://www.youtube.com/watch?v=sg44mqdjWBI
125,225,Henry Penia (GC),X,77,2T,Norte,Dentro,Canela D,X,X,X,V,2 x 0,Deportivo Lara (VEN),Libertadores,14/03/2018,QUA,21:45,https://www.youtube.com/watch?v=sg44mqdjWBI
126,226,Sidcley,Ralf,30,1T,Norte,Dentro,Pe Esquerdo,1,16,TIT,V,2 x 0,Bragantino,Paulista,22/03/2018,QUI,20:00,https://www.youtube.com/watch?v=USprzxtU8q0
126,227,Maycon,Rodriguinho,45,1T,Norte,Fora,Pe Esquerdo,1,8,TIT,V,2 x 0,Bragantino,Paulista,22/03/2018,QUI,20:00,https://www.youtube.com/watch?v=USprzxtU8q0
127,228,Rodriguinho,Clayson,90+3,2T,Norte,Dentro,Cabeca,1,26,TIT,V,1 x 0,Sao Paulo,Paulista,28/03/2018,QUA,21:45,https://www.youtube.com/watch?v=JHzN12sXPYM
129,229,Rodriguinho,Romero,45+1,1T,Norte,Dentro,Cabeca,1,26,TIT,V,2 x 1,Fluminense,Brasileiro,15/04/2018,DOM,16:00,https://www.youtube.com/watch?v=X0VtaPKfPpM
129,230,Rodriguinho,Emerson,86,2T,Sul,Dentro,Pe Esquerdo,1,26,TIT,V,2 x 1,Fluminense,Brasileiro,15/04/2018,DOM,16:00,https://www.youtube.com/watch?v=X0VtaPKfPpM
130,231,Jadson,Romero,32,1T,Norte,Dentro,Pe Direito,1,10,TIT,D,1 x 2,Independiente (ARG),Libertadores,02/05/2018,QUA,21:45,https://www.youtube.com/watch?v=oPI4oqJC88A
131,232,Henrique,Jadson,40,1T,Norte,Dentro,Cabeca,1,3,TIT,E,1 x 1,Ceara,Brasileiro,06/05/2018,DOM,11:00,https://www.youtube.com/watch?v=YERzo0N9HiI
132,233,Maycon,X,39,1T,Sul,Dentro,Pe Esquerdo,1,8,TIT,V,3 x 1,Vitoria,Copa do Brasil,10/05/2018,QUI,19:30,https://www.youtube.com/watch?v=iZD2BzwMtCg
132,234,Romero,X,58,2T,Norte,Dentro,Pe Esquerdo,1,11,TIT,V,3 x 1,Vitoria,Copa do Brasil,10/05/2018,QUI,19:30,https://www.youtube.com/watch?v=iZD2BzwMtCg
132,235,Romero,Rodriguinho,66,2T,Norte,Dentro,Cabeca,1,11,TIT,V,3 x 1,Vitoria,Copa do Brasil,10/05/2018,QUI,19:30,https://www.youtube.com/watch?v=iZD2BzwMtCg
133,236,Rodriguinho,X,38,1T,Norte,Dentro,Pe Esquerdo,1,26,TIT,V,1 x 0,Palmeiras,Brasileiro,13/05/2018,DOM,16:00,https://www.youtube.com/watch?v=cb9UgPIO8Zc
135,237,Jadson,X,49,2T,Norte,Dentro,Pe Direito,1,10,TIT,V,1 x 0,America MG,Brasileiro,31/05/2018,QUI,18:30,https://www.youtube.com/watch?v=AbcSzV89ciQ
136,238,Roger,Rodriguinho,52,2T,Norte,Dentro,Pe Direito,1,9,TIT,E,1 x 1,Santos,Brasileiro,06/06/2018,QUA,21:00,https://www.youtube.com/watch?v=x_vqf3hPMGI
138,239,Matheus Matias,X,68,2T,Norte,Dentro,Pe Direito,1,29,RES,V,2 x 1,Gremio,Amistoso,08/07/2018,DOM,11:00,https://www.youtube.com/watch?v=N1quuJ8SVCo
138,240,Marquinhos Gabriel,Juninho Capixaba,72,2T,Norte,Dentro,Pe Esquerdo,1,31,RES,V,2 x 1,Gremio,Amistoso,08/07/2018,DOM,11:00,https://www.youtube.com/watch?v=N1quuJ8SVCo
139,241,Paulo Roberto,Rodriguinho,38,1T,Sul,Dentro,Pe Direito,1,28,RES,E,2 x 2,Cruzeiro,Amistoso,11/07/2018,QUA,20:00,https://www.youtube.com/watch?v=fklLZr9Igfw
139,242,Pedrinho,Marquinhos Gabriel,84,2T,Norte,Dentro,Pe Esquerdo,1,38,RES,E,2 x 2,Cruzeiro,Amistoso,11/07/2018,QUA,20:00,https://www.youtube.com/watch?v=fklLZr9Igfw
140,243,Rodriguinho,X,3,1T,Sul,Fora,Pe Direito,1,26,TIT,V,2 x 0,Botafogo (RJ),Brasileiro,18/07/2018,QUA,21:45,https://www.youtube.com/watch?v=eXYZbJ8AJg4
140,244,Romero,Fagner,76,2T,Norte,Dentro,Pe Direito,1,11,TIT,V,2 x 0,Botafogo (RJ),Brasileiro,18/07/2018,QUA,21:45,https://www.youtube.com/watch?v=eXYZbJ8AJg4
141,245,Romero,X,62,2T,Norte,Dentro,Pe Direito,1,11,TIT,V,2 x 0,Cruzeiro,Brasileiro,25/07/2018,QUA,21:45,https://www.youtube.com/watch?v=AonuFjhJ6qM
141,246,Romero,X,80,2T,Norte,Dentro,Cabeca,1,11,TIT,V,2 x 0,Cruzeiro,Brasileiro,25/07/2018,QUA,21:45,https://www.youtube.com/watch?v=AonuFjhJ6qM
142,247,Romero,Pedrinho,6,1T,Norte,Dentro,Cabeca,1,11,TIT,V,1 x 0,Chapecoense,Copa do Brasil,01/08/2018,QUA,21:45,https://www.youtube.com/watch?v=x_igZUZtUG8
145,248,Henrique,Jadson,36,1T,Sul,Dentro,Cabeca,1,3,TIT,V,1 x 0,Parana,Brasileiro,25/08/2018,SAB,19:00,https://www.youtube.com/watch?v=MML0_XE5rAI
146,249,Jadson,(Penalti),17,1T,Norte,Dentro,Pe Direito,1,10,TIT,V,2 x 1,Colo Colo (CHI),Libertadores,29/08/2018,QUA,21:45,https://www.youtube.com/watch?v=VLSR2KjzaKM
146,250,Roger,Jadson,64,2T,Sul,Dentro,Pe Direito,1,9,TIT,V,2 x 1,Colo Colo (CHI),Libertadores,29/08/2018,QUA,21:45,https://www.youtube.com/watch?v=VLSR2KjzaKM
147,251,Pedrinho,Danilo Avelar,20,1T,Norte,Fora,Pe Esquerdo,1,38,TIT,E,1 x 1,Atletico MG,Brasileiro,01/09/2018,SAB,21:00,https://www.youtube.com/watch?v=y2GoERe0rCY
148,252,Jadson,X,59,2T,Norte,Fora,Pe Esquerdo,1,10,TIT,V,2 x 1,Sport,Brasileiro,16/09/2018,DOM,19:00,https://www.youtube.com/watch?v=_KcP5QfA43I
148,253,Danilo Avelar,Romero,89,2T,Norte,Dentro,Pe Esquerdo,1,35,TIT,V,2 x 1,Sport,Brasileiro,16/09/2018,DOM,19:00,https://www.youtube.com/watch?v=_KcP5QfA43I
149,254,Douglas,X,50,2T,Norte,Dentro,Cabeca,1,30,TIT,E,1 x 1,Internacional,Brasileiro,23/09/2018,DOM,16:00,https://www.youtube.com/watch?v=deaSU5ftp3A
150,255,Danilo Avelar,Jadson,14,1T,Norte,Dentro,Pe Esquerdo,1,35,TIT,V,2 x 1,Flamengo,Copa do Brasil,26/09/2018,QUA,21:45,https://www.youtube.com/watch?v=oIqxnBI97_M
150,256,Pedrinho,Jadson,69,2T,Sul,Fora,Pe Esquerdo,1,38,RES,V,2 x 1,Flamengo,Copa do Brasil,26/09/2018,QUA,21:45,https://www.youtube.com/watch?v=oIqxnBI97_M
152,257,Jadson,(Penalti),55,2T,Norte,Dentro,Pe Direito,1,10,TIT,D,1 x 2,Cruzeiro,Copa do Brasil,17/10/2018,QUA,21:45,https://www.youtube.com/watch?v=fVi__PzIFP0
153,258,Danilo,Fagner,47,2T,Norte,Dentro,Pe Esquerdo,1,20,RES,V,2 x 1,Bahia,Brasileiro,27/10/2018,SAB,19:00,https://www.youtube.com/watch?v=PxY-CpG1Zy4
153,259,Danilo,X,89,2T,Norte,Dentro,Pe Esquerdo,1,20,RES,V,2 x 1,Bahia,Brasileiro,27/10/2018,SAB,19:00,https://www.youtube.com/watch?v=PxY-CpG1Zy4
154,260,Ralf,Pedrinho,72,2T,Norte,Fora,Pe Direito,1,15,TIT,E,1 x 1,Sao Paulo,Brasileiro,10/11/2018,SAB,17:00,https://www.youtube.com/watch?v=5QhfhoVIgeM
155,261,Mateus Vital,Fagner,50,2T,Sul,Dentro,Cabeca,1,22,TIT,V,1 x 0,Vasco da Gama,Brasileiro,17/11/2018,SAB,19:00,https://www.youtube.com/watch?v=SStUPQQdhRE
157,262,Gustavo,Andre Luis,5,1T,Sul,Dentro,Cabeca,3,19,TIT,E,1 x 1,Santos,Amistoso,13/01/2019,DOM,17:30,https://www.youtube.com/watch?v=Dukd04q7Iio
158,263,Henrique,Jadson,90+5,2T,Norte,Dentro,Cabeca,1,3,TIT,E,1 x 1,Sao Caetano,Paulista,20/01/2019,DOM,17:00,https://www.youtube.com/watch?v=j0HoHBqW7RQ
159,264,Gustavo,Pedrinho,78,2T,Norte,Dentro,Pe Direito,1,19,TIT,V,1 x 0,Ponte Preta,Paulista,26/01/2019,SAB,19:00,https://www.youtube.com/watch?v=D8-j7YeQ3cE
161,265,Gustavo,Sornoza,88,2T,Sul,Dentro,Cabeca,1,19,TIT,E,1 x 1,Racing (ARG),Sulamericana,14/02/2019,QUI,21:30,https://www.youtube.com/watch?v=FEvjtQ6NSkQ
162,266,Manoel,Sornoza,43,1T,Sul,Dentro,Cabeca,1,4,TIT,V,2 x 1,Sao Paulo,Paulista,17/02/2019,DOM,19:00,https://www.youtube.com/watch?v=GZzA-C6-Fmk
162,267,Gustavo,Fagner,73,2T,Norte,Dentro,Canela D,1,19,TIT,V,2 x 1,Sao Paulo,Paulista,17/02/2019,DOM,19:00,https://www.youtube.com/watch?v=GZzA-C6-Fmk
163,268,Henrique,Pedrinho,45+2,1T,Sul,Dentro,Pe Esquerdo,1,3,TIT,V,4 x 2,Avenida,Copa do Brasil,20/02/2019,QUA,21:30,https://www.youtube.com/watch?v=hkp0e4orVVE
163,269,Danilo Avelar,Sornoza,77,2T,Norte,Dentro,Cabeca,1,35,TIT,V,4 x 2,Avenida,Copa do Brasil,20/02/2019,QUA,21:30,https://www.youtube.com/watch?v=hkp0e4orVVE
163,270,Junior Urso,Gustavo,88,2T,Norte,Fora,Pe Direito,1,30,TIT,V,4 x 2,Avenida,Copa do Brasil,20/02/2019,QUA,21:30,https://www.youtube.com/watch?v=hkp0e4orVVE
163,271,Gustavo,X,90+2,2T,Norte,Dentro,Pe Direito,1,19,TIT,V,4 x 2,Avenida,Copa do Brasil,20/02/2019,QUA,21:30,https://www.youtube.com/watch?v=hkp0e4orVVE
165,272,Danilo Avelar,Pedrinho,61,2T,Norte,Dentro,Cabeca,1,35,TIT,V,1 x 0,Oeste,Paulista,17/03/2019,DOM,16:00,https://www.youtube.com/watch?v=FWW2h-O79jU
166,273,Junior Urso,Clayson,34,1T,Sul,Dentro,Pe Direito,1,30,TIT,E,1 x 1,Ferroviaria,Paulista,27/03/2019,QUA,21:30,https://www.youtube.com/watch?v=op4bM7P7My4
167,274,Manoel,Sornoza,4,1T,Sul,Dentro,Cabeca,1,4,TIT,V,2 x 1,Santos,Paulista,31/03/2019,DOM,16:00,https://www.youtube.com/watch?v=LhqAMpEudKQ
167,275,Clayson,X,32,1T,Sul,Dentro,Pe Direito,1,25,TIT,V,2 x 1,Santos,Paulista,31/03/2019,DOM,16:00,https://www.youtube.com/watch?v=LhqAMpEudKQ
169,276,Danilo Avelar,Ralf,31,1T,Sul,Dentro,Cabeca,1,35,TIT,V,2 x 1,Sao Paulo,Paulista,21/04/2019,DOM,16:00,https://www.youtube.com/watch?v=zntBm4j09I8
169,277,Vagner Love,Sornoza,89,2T,Norte,Dentro,Pe Direito,1,9,RES,V,2 x 1,Sao Paulo,Paulista,21/04/2019,DOM,16:00,https://www.youtube.com/watch?v=zntBm4j09I8
170,278,Boselli,Ralf,16,1T,Sul,Dentro,Pe Direito,1,17,TIT,V,2 x 0,Chapecoense,Copa do Brasil,24/04/2019,QUA,21:30,https://www.youtube.com/watch?v=UjgHveQc-yw
170,279,Mateus Vital,Clayson,70,2T,Norte,Dentro,Pe Direito,1,22,RES,V,2 x 0,Chapecoense,Copa do Brasil,24/04/2019,QUA,21:30,https://www.youtube.com/watch?v=UjgHveQc-yw
171,280,Carlos Augusto,X,55,2T,Sul,Dentro,Cabeca,1,6,TIT,V,1 x 0,Chapecoense,Brasileiro,01/05/2019,QUA,16:00,https://www.youtube.com/watch?v=2PeE1x0bg-o
174,281,Vagner Love,Fagner,60,2T,Norte,Dentro,Cabeca,1,9,TIT,V,2 x 0,Deportivo Lara (VEN),Sulamericana,23/05/2019,QUI,19:45,https://www.youtube.com/watch?v=nJp6A3fpQJc
174,282,Gustavo,Danilo Avelar,72,2T,Norte,Dentro,Cabeca,1,19,RES,V,2 x 0,Deportivo Lara (VEN),Sulamericana,23/05/2019,QUI,19:45,https://www.youtube.com/watch?v=nJp6A3fpQJc
175,283,Pedrinho,Fagner,7,1T,Norte,Fora,Pe Esquerdo,1,38,TIT,V,1 x 0,Sao Paulo,Brasileiro,26/05/2019,DOM,19:00,https://www.youtube.com/watch?v=jn7M5lqXRVI
176,284,Vagner Love,Boselli,78,2T,Sul,Dentro,Pe Direito,1,9,TIT,V,1 x 0,CSA,Brasileiro,14/07/2019,DOM,16:00,https://www.youtube.com/watch?v=8jeYsypPvzQ
177,285,Clayson,(Penalti),62,2T,Sul,Dentro,Pe Direito,1,25,TIT,E,1 x 1,Flamengo,Brasileiro,21/07/2019,DOM,16:00,https://www.youtube.com/watch?v=MnfpncwTqL0
178,286,Clayson,Vagner Love,20,1T,Sul,Dentro,Pe Direito,1,25,TIT,V,2 x 0,Montevideo Wanderers (URU),Sulamericana,25/07/2019,QUI,21:30,https://www.youtube.com/watch?v=3flEo3kb3C4
178,287,Pedrinho,Jadson,86,2T,Norte,Fora,Pe Esquerdo,1,18,TIT,V,2 x 0,Montevideo Wanderers (URU),Sulamericana,25/07/2019,QUI,21:30,https://www.youtube.com/watch?v=3flEo3kb3C4
179,288,Manoel,Sornoza,13,1T,Sul,Dentro,Cabeca,1,4,TIT,E,1 x 1,Palmeiras,Brasileiro,04/08/2019,DOM,19:00,https://www.youtube.com/watch?v=Y6KPXA8Fs8U
180,289,Junior Urso,Clayson,25,1T,Sul,Dentro,Pe Direito,1,30,TIT,V,2 x 0,Goias,Brasileiro,07/08/2019,QUA,19:15,https://www.youtube.com/watch?v=1wnstSIkg2M
180,290,Boselli,(Penalti),87,2T,Norte,Dentro,Pe Direito,1,17,TIT,V,2 x 0,Goias,Brasileiro,07/08/2019,QUA,19:15,https://www.youtube.com/watch?v=1wnstSIkg2M
181,291,Boselli,Pedrinho,42,1T,Sul,Dentro,Pe Direito,1,17,TIT,V,2 x 0,Botafogo (RJ),Brasileiro,17/08/2019,SAB,19:00,https://www.youtube.com/watch?v=aoVPO7tx0GU
181,292,Everaldo,X,56,2T,Norte,Dentro,Pe Direito,1,37,TIT,V,2 x 0,Botafogo (RJ),Brasileiro,17/08/2019,SAB,19:00,https://www.youtube.com/watch?v=aoVPO7tx0GU
183,293,Gustavo,Mateus Vital,89,2T,Sul,Dentro,Pe Esquerdo,1,19,RES,V,1 x 0,Atletico MG,Brasileiro,01/09/2019,DOM,19:00,https://www.youtube.com/watch?v=qi2O8iYayCw
184,294,Joao Lucas (GC),X,22,1T,Sul,Dentro,Cabeca,X,X,X,E,2 x 2,Ceara,Brasileiro,07/09/2019,SAB,11:00,https://www.youtube.com/watch?v=U_7tVzim8rU
184,295,Vagner Love,X,37,1T,Sul,Dentro,Pe Esquerdo,3,9,TIT,E,2 x 2,Ceara,Brasileiro,07/09/2019,SAB,11:00,https://www.youtube.com/watch?v=U_7tVzim8rU
186,296,Vagner Love,(Penalti),44,1T,Sul,Dentro,Pe Direito,1,9,TIT,V,2 x 1,Bahia,Brasileiro,21/09/2019,SAB,19:00,https://www.youtube.com/watch?v=bDU12pcqorc
186,297,Clayson,Pedrinho,75,2T,Norte,Dentro,Pe Direito,1,25,TIT,V,2 x 1,Bahia,Brasileiro,21/09/2019,SAB,19:00,https://www.youtube.com/watch?v=bDU12pcqorc
187,298,Ralf,Boselli,59,2T,Sul,Fora,Pe Direito,1,15,TIT,V,1 x 0,Vasco da Gama,Brasileiro,29/09/2019,DOM,11:00,https://www.youtube.com/watch?v=lCjs-n8aQVk
188,299,Gil,Clayson,16,1T,Sul,Dentro,Cabeca,1,26,TIT,E,2 x 2,Athletico,Brasileiro,10/10/2019,QUI,19:15,https://www.youtube.com/watch?v=iIOc8Xpq3eM
188,300,Boselli,Vagner Love,45+3,1T,Sul,Dentro,Pe Esquerdo,1,17,TIT,E,2 x 2,Athletico,Brasileiro,10/10/2019,QUI,19:15,https://www.youtube.com/watch?v=iIOc8Xpq3eM
189,301,Fagner,X,34,1T,Sul,Dentro,Pe Direito,1,23,TIT,D,1 x 2,Cruzeiro,Brasileiro,19/10/2019,SAB,19:00,https://www.youtube.com/watch?v=cc_AGfUsYGw
191,302,Boselli,Pedrinho,37,1T,Sul,Dentro,Pe Direito,1,17,TIT,V,3 x 2,Fortaleza,Brasileiro,06/11/2019,QUA,19:30,https://www.youtube.com/watch?v=v5S3KZXQdvg
191,303,Junior Urso,Janderson,48,2T,Norte,Dentro,Cabeca,1,11,TIT,V,3 x 2,Fortaleza,Brasileiro,06/11/2019,QUA,19:30,https://www.youtube.com/watch?v=v5S3KZXQdvg
191,304,Boselli,Clayson,72,2T,Norte,Dentro,Cabeca,1,17,TIT,V,3 x 2,Fortaleza,Brasileiro,06/11/2019,QUA,19:30,https://www.youtube.com/watch?v=v5S3KZXQdvg
193,305,Gustavo,Clayson,22,1T,Norte,Dentro,Cabeca,1,19,TIT,V,3 x 0,Avai,Brasileiro,27/11/2019,QUA,21:30,https://www.youtube.com/watch?v=gjltPWVQMkQ
193,306,Junior Urso,Gustavo,52,2T,Sul,Dentro,Pe Direito,1,11,TIT,V,3 x 0,Avai,Brasileiro,27/11/2019,QUA,21:30,https://www.youtube.com/watch?v=gjltPWVQMkQ
193,307,Boselli,Fagner,87,2T,Sul,Dentro,Peito,1,17,RES,V,3 x 0,Avai,Brasileiro,27/11/2019,QUA,21:30,https://www.youtube.com/watch?v=gjltPWVQMkQ
194,308,Gustavo,Lucas Piton,63,2T,Sul,Dentro,Cabeca,1,19,RES,D,1 x 2,Fluminense,Brasileiro,08/12/2019,DOM,16:00,https://www.youtube.com/watch?v=1J2G71MFq2c
195,309,Boselli,X,12,1T,Norte,Dentro,Pe Direito,1,17,TIT,V,4 x 1,Botafogo (SP),Paulista,23/01/2020,QUI,21:30,https://www.youtube.com/watch?v=UUbqaWKYUOw
195,310,Luan,(Penalti),55,2T,Sul,Dentro,Pe Direito,1,7,TIT,V,4 x 1,Botafogo (SP),Paulista,23/01/2020,QUI,21:30,https://www.youtube.com/watch?v=UUbqaWKYUOw
195,311,Boselli,Richard,60,2T,Sul,Dentro,Pe Direito,1,17,TIT,V,4 x 1,Botafogo (SP),Paulista,23/01/2020,QUI,21:30,https://www.youtube.com/watch?v=UUbqaWKYUOw
195,312,Boselli,Fagner,84,2T,Sul,Dentro,Joelho D,1,17,TIT,V,4 x 1,Botafogo (SP),Paulista,23/01/2020,QUI,21:30,https://www.youtube.com/watch?v=UUbqaWKYUOw
196,313,Everaldo,Fagner,2,1T,Sul,Dentro,Pe Direito,1,37,TIT,V,2 x 0,Santos,Paulista,02/02/2020,DOM,11:00,https://www.youtube.com/watch?v=edraRbAQo5s
196,314,Janderson,Boselli,47,2T,Norte,Dentro,Pe Direito,1,31,TIT,V,2 x 0,Santos,Paulista,02/02/2020,DOM,11:00,https://www.youtube.com/watch?v=edraRbAQo5s
198,315,Luan,X,9,1T,Sul,Fora,Pe Esquerdo,1,7,TIT,V,2 x 1,Guarani (PAR),Libertadores,12/02/2020,QUA,21:30,https://www.youtube.com/watch?v=miIZbkfqr0U
198,316,Boselli,Vagner Love,32,1T,Sul,Dentro,Pe Esquerdo,1,17,TIT,V,2 x 1,Guarani (PAR),Libertadores,12/02/2020,QUA,21:30,https://www.youtube.com/watch?v=miIZbkfqr0U
199,317,Boselli,Janderson,90+2,2T,Norte,Dentro,Cabeca,1,17,RES,E,1 x 1,Santo Andre,Paulista,26/02/2020,QUA,21:30,https://www.youtube.com/watch?v=EDgGJcf1cFs
200,318,Luan,Everaldo,45+2,1T,Sul,Dentro,Pe Direito,1,7,TIT,E,1 x 1,Ituano,Paulista,15/03/2020,DOM,16:00,https://www.youtube.com/watch?v=k0pqc1PL4w0
201,319,Gil,Fagner,15,1T,Sul,Dentro,Cabeca,1,4,TIT,V,1 x 0,Palmeiras,Paulista,22/07/2020,QUA,21:30,https://www.youtube.com/watch?v=lBywLV9nCs8
202,320,Ederson,Fagner,72,2T,Norte,Fora,Pe Direito,1,15,TIT,V,1 x 0,Mirassol,Paulista,02/08/2020,DOM,16:00,https://www.youtube.com/watch?v=624aBkZUSRE
204,321,Leo Natel,Gabriel,38,1T,Sul,Fora,Pe Direito,1,18,TIT,V,3 x 1,Coritiba,Brasileiro,19/08/2020,QUA,21:30,https://www.youtube.com/watch?v=d5DjCMMks_4
204,322,Jo,Araos,49,2T,Norte,Dentro,Cabeca,1,77,TIT,V,3 x 1,Coritiba,Brasileiro,19/08/2020,QUA,21:30,https://www.youtube.com/watch?v=d5DjCMMks_4
204,323,Gustavo Silva,Lucas Piton,87,2T,Norte,Dentro,Pe Direito,1,19,RES,V,3 x 1,Coritiba,Brasileiro,19/08/2020,QUA,21:30,https://www.youtube.com/watch?v=d5DjCMMks_4
205,324,Luan,X,76,2T,Sul,Fora,Pe Direito,1,7,RES,E,1 x 1,Fortaleza,Brasileiro,26/08/2020,QUA,21:30,https://www.youtube.com/watch?v=hunTbXghKEc
