JOGO,RESULTADO,CORINTHIANS,GOL CORINTHIANS,GOL VISITANTE,VISITANTE,CIDADE DO VISITANTE,UF,PAIS,NUM-VISITANTE,NUM-UF,NUM-PAIS,DIA,MES,ANO,NUM-ANO,HORA,NUM-HORA,DIA/SEMANA,NUMERO-D/S,CAMPEONATO,NUM-CAMP,CAPITAO,TECNICO,TECNICO VISITANTE,PUBLICO,RENDA,CAMISA,SAIDA DE BOLA,1 TEMPO,2 TEMPO,ARTILHEIROS,ARTILHEIROS - VISITANTES,NUM-GOLS,PRIMEIRO GOL,GOL-SUL,GOL-NORTE,GOL VIS-SUL,GOL VIS-NORTE,GOL-1T,GOL-2T,GOL VIS-1T,GOL VIS-2T,ARBITRO,UF-ARBITRO,VAR
1,D,CORINTHIANS,0,1,FIGUEIRENSE,FLORIANOPOLIS,SC,BRA,1,1,1,18,5,14,1,16:00,1,DOM,1,BRASILEIRO,1,RALF,MANO MENEZES,GUTO FERREIRA,36.123,"3.029.801,70",1,COR,S,N,X,1 Giovanni Augusto,1,VIS,0,0,0,1,0,0,0,1,JAILSON MACEDO DE FREITAS,BA,NAO
2,E,CORINTHIANS,1,1,BOTAFOGO,RIO DE JANEIRO,RJ,BRA,1,1,2,1,6,14,2,16:00,2,DOM,2,BRASILEIRO,2,RALF,MANO MENEZES,VAGNER MANCINI,37.119,"2.616.819,50",1,COR,S,N,1 Jadson,1 Edilson,2,COR,0,1,0,1,1,0,0,1,LEANDRO PEDRO VUADEN,RS,NAO
3,V,CORINTHIANS,2,1,INTERNACIONAL,PORTO ALEGRE,RS,BRA,1,1,3,17,7,14,3,19:30,1,QUI,1,BRASILEIRO,3,RALF,MANO MENEZES,ABEL BRAGA,32.644,"2.556.385,50",1,VIS,N,S,"1 Guerrero, 1 Fagner",1 Claudio Winck,3,COR,2,0,1,0,2,0,0,1,WAGNER REWAY,MT,NAO
4,V,CORINTHIANS,3,0,BAHIA,SALVADOR,BA,BRA,1,1,4,23,7,14,4,22:00,1,QUA,1,COPA DO BRASIL,1,RALF,MANO MENEZES,MARQUINHOS SANTOS,24.252,"1.389.973,50",1,VIS,N,S,"1 Elias, 1 Romero, 1 Renato Augusto",X,3,COR,2,1,0,0,2,1,0,0,IGOR JUNIO BENEVENUTO,MG,NAO
5,V,CORINTHIANS,2,0,PALMEIRAS,SAO PAULO,SP,BRA,1,1,5,27,7,14,5,16:00,3,DOM,3,BRASILEIRO,4,RALF,MANO MENEZES,RICARDO GARECA,31.031,"2.206.184,00",1,VIS,N,S,"1 Guerrero, 1 Petros",X,2,COR,0,2,0,0,0,2,0,0,SANDRO MEIRA RICCI,PE,NAO
6,E,CORINTHIANS,1,1,BAHIA,SALVADOR,BA,BRA,2,2,6,16,8,14,6,21:00,1,SAB,1,BRASILEIRO,5,RALF,MANO MENEZES,GILSON KLEINA,31.014,"2.096.556,50",1,VIS,N,S,1 Gil,1 Kieza,2,VIS,1,0,0,1,1,0,1,0,ANDERSON DARONCO,RS,NAO
7,V,CORINTHIANS,5,2,GOIAS,GOIANIA,GO,BRA,1,1,7,21,8,14,7,19:30,2,QUI,2,BRASILEIRO,6,RALF,MANO MENEZES,RICARDO DRUBSCKY,26.486,"1.465.164,00",1,VIS,N,S,"1 Guerrero, 1 Elias, 3 Luciano","1 Thigo Mendes, 1 Jackson Souza",7,VIS,1,4,1,1,1,4,1,1,MARCELO DE LIMA HENRIQUE,RJ,NAO
8,E,CORINTHIANS,1,1,FLUMINENSE,RIO DE JANEIRO,RJ,BRA,1,2,8,31,8,14,8,16:00,4,DOM,4,BRASILEIRO,7,RALF,MANO MENEZES,CRISTOVAO BORGES,34.889,"2.519.703,00",1,COR,N,S,1 Romarinho,1 Fred,2,VIS,0,1,0,1,0,1,1,0,PAULO HENRIQUE DE GODOY BEZERRA,SC,NAO
9,V,CORINTHIANS,3,1,BRAGANTINO,BRAGANCA PAULISTA,SP,BRA,1,2,9,3,9,14,9,22:00,2,QUA,2,COPA DO BRASIL,2,RALF,MANO MENEZES,PC GUSMAO,27.817,"1.497.128,00",1,COR,N,S,"1 Renato Augusto, 1 Ralf, 1 Felipe",1 Guilherme Mattis,4,COR,3,0,1,0,3,0,0,1,VINICIUS FURLAN,SP,NAO
10,V,CORINTHIANS,1,0,ATLETICO MG,BELO HORIZONTE,MG,BRA,1,1,10,11,9,14,10,19:30,3,QUI,3,BRASILEIRO,8,RALF,MANO MENEZES,LEVIR CULPI,24.784,"1.335.654,50",2,VIS,N,S,1 Petros,X,1,COR,1,0,0,0,1,0,0,0,DEWSON FERNANDO SILVA,PA,NAO
11,E,CORINTHIANS,1,1,CHAPECOENSE,CHAPECO,SC,BRA,1,2,11,18,9,14,11,19:30,4,QUI,4,BRASILEIRO,9,RALF,MANO MENEZES,JORGINHO,25.537,"1.359.473,00",1,COR,N,S,1 Malcom,1 Ferrugem (GC),2,COR,1,0,1,0,1,0,0,1,FELIPE DUARTE VAREJAO,ES,NAO
12,V,CORINTHIANS,3,2,SAO PAULO,SAO PAULO,SP,BRA,1,3,12,21,9,14,12,16:00,5,DOM,5,BRASILEIRO,10,RALF,MANO MENEZES,MURICY RAMALHO,34.688,"2.405.986,50",1,VIS,N,S,"2 Fabio Santos, 1 Guerrero","1 Souza, 1 Edson Silva",5,VIS,1,2,0,2,1,2,2,0,LUIZ FLAVIO DE OLIVEIRA,SP,NAO
13,V,CORINTHIANS,2,0,ATLETICO MG,BELO HORIZONTE,MG,BRA,2,2,13,1,10,14,13,22:00,3,QUA,3,COPA DO BRASIL,3,FABIO SANTOS,MANO MENEZES,LEVIR CULPI,27.457,"1.495.296,00",2,COR,S,N,"1 Guerrero, 1 Luciano",X,2,COR,1,1,0,0,1,1,0,0,PERICLES BASSOLS,RJ,NAO
14,V,CORINTHIANS,3,0,SPORT,RECIFE,PE,BRA,1,1,14,4,10,14,14,18:30,1,SAB,2,BRASILEIRO,11,FABIO SANTOS,MANO MENEZES,EDUARDO BAPTISTA,29.238,"1.650.086,50",1,VIS,S,N,"1 Anderson Martins, 1 Guererro, 1 Luciano",X,3,COR,2,1,0,0,1,2,0,0,BRAULIO DA SILVA MACHADO,SC,NAO
15,E,CORINTHIANS,2,2,CORITIBA,CURITIBA,PR,BRA,1,1,15,1,11,14,15,21:00,2,SAB,3,BRASILEIRO,12,GIL,MANO MENEZES,MARQUINHOS SANTOS,28.099,"1.601.342,20",1,VIS,N,S,"1 Elias, 1 Bruno Henrique","1 Robinho Signorini, 1 Alex de Souza",4,VIS,0,2,0,2,0,2,2,0,JEAN PIERRE LIMA,RS,NAO
16,V,CORINTHIANS,1,0,SANTOS,SANTOS,SP,BRA,1,4,16,9,11,14,16,19:30,5,DOM,6,BRASILEIRO,13,RALF,MANO MENEZES,ENDERSON MOREIRA,31.089,"1.886.861,00",2,VIS,N,S,1 Guerrero,X,1,COR,1,0,0,0,1,0,0,0,VINICIUS FURLAN,SP,NAO
17,V,CORINTHIANS,1,0,GREMIO,PORTO ALEGRE,RS,BRA,1,2,17,23,11,14,17,19:30,6,DOM,7,BRASILEIRO,14,RALF,MANO MENEZES,FELIPAO,36.307,"2.644.690,00",1,COR,S,N,1 Guerrero,X,1,COR,1,0,0,0,0,1,0,0,RICARDO MARQUES RIBEIRO,MG,NAO
18,V,CORINTHIANS,2,1,CRICIUMA,CRICIUMA,SC,BRA,1,3,18,6,12,14,18,16:30,1,SAB,4,BRASILEIRO,15,RALF,MANO MENEZES,LUIZINHO VIEIRA,38.044,"2.753.362,50",1,COR,N,S,"1 Elias, 1 Fabio Santos",1 Roger Guedes,3,COR,1,1,1,0,1,1,0,1,DEWSON FERNANDO SILVA,PA,NAO
19,V,CORINTHIANS,3,0,CORINTHIAN-CASUALS,LONDRES,ING,ING,1,1,1,24,1,15,1,17:00,1,SAB,5,AMISTOSO,1,RALF,TITE,MATT HOWARD,22.572,"974.904,95",1,VIS,S,N,"1 Danilo, 2 Luciano",X,3,COR,3,0,0,0,0,3,0,0,ILBERT ESTEVAM DA SILVA,SP,NAO
20,V,CORINTHIANS,3,0,MARILIA,MARILIA,SP,BRA,1,5,19,1,2,15,2,17:00,2,DOM,8,PAULISTA,1,ELIAS,TITE,LUIS DOS REIS,25.582,"1.116.056,85",1,VIS,N,S,"1 Renato Augusto, 1 Fagner, 1 Guerrero",X,3,COR,1,2,0,0,1,2,0,0,DOUGLAS MARQUES DAS FLORES,SP,NAO
21,V,CORINTHIANS,4,0,ONCE CALDAS,MANIZALES,COL,COL,1,1,1,4,2,15,3,22:00,4,QUA,4,LIBERTADORES,1,FABIO SANTOS,TITE,FLAVIO TORRES,35.757,"2.436.745,75",1,VIS,N,S,"1 Emerson, 1 Felipe, 1 Elias, 1 Fagner",X,4,COR,1,3,0,0,1,3,0,0,PATRICIO LOUSTAU,ARG,NAO
22,V,CORINTHIANS,2,1,BOTAFOGO (RIBEIRAO PRETO),RIBEIRAO PRETO,SP,BRA,1,6,20,14,2,15,4,17:00,3,SAB,6,PAULISTA,2,GUERRERO,TITE,ALEXANDRE FERREIRA,27.060,"1.203.003,70",1,COR,N,S,2 Fabio Santos,1 Rodrigo Andrade,3,COR,1,1,1,0,1,1,0,1,MARCELO PRIETO ALFIERI,SP,NAO
23,V,CORINTHIANS,2,0,SAO PAULO,SAO PAULO,SP,BRA,2,7,21,18,2,15,5,22:00,5,QUA,5,LIBERTADORES,2,RALF,TITE,MURICY RAMALHO,38.487,"3.528.236,00",1,COR,S,N,"1 Elias, 1 Jadson",X,2,COR,1,1,0,0,1,1,0,0,RICARDO MARQUES RIBEIRO,MG,NAO
24,V,CORINTHIANS,3,0,MOGI MIRIM,MOGI MIRIM,SP,BRA,1,8,22,1,3,15,6,16:00,6,DOM,9,PAULISTA,3,CASSIO,TITE,CLAUDINHO BATISTA,29.442,"1.449.441,65",1,COR,N,S,"1 Jadson, 1 Luciano, 1 Guerrero",X,3,COR,0,3,0,0,0,3,0,0,GUILHERME CERETTA DE LIMA,SP,NAO
25,V,CORINTHIANS,1,0,SAO BERNARDO (FC),SAO BERNARDO DO CAMPO,SP,BRA,1,9,23,11,3,15,7,22:00,6,QUA,6,PAULISTA,4,CRISTIAN,TITE,EDSON BOARO,23.484,"926.987,45",1,VIS,N,S,1 Malcom,X,1,COR,1,0,0,0,1,0,0,0,LEONARDO FERREIRA LIMA,SP,NAO
26,E,CORINTHIANS,0,0,RED BULL,CAMPINAS,SP,BRA,1,10,24,14,3,15,8,16:00,7,SAB,7,PAULISTA,5,FAGNER,TITE,MAURICIO BARBIERI,31.471,"1.569.799,20",1,VIS,S,N,X,X,0,X,0,0,0,0,0,0,0,0,LUIZ VANDERLEI MARTINUCHO,SP,NAO
27,V,CORINTHIANS,2,0,PORTUGUESA,SAO PAULO,SP,BRA,1,11,25,24,3,15,9,19:30,7,TER,1,PAULISTA,6,DANILO,TITE,AILTON SILVA,25.269,"1.008.915,95",1,VIS,S,N,2 Malcom,X,2,COR,1,1,0,0,1,1,0,0,LUIZ FLAVIO DE OLIVEIRA,SP,NAO
28,V,CORINTHIANS,5,3,PENAPOLENSE,PENAPOLIS,SP,BRA,1,12,26,26,3,15,10,19:30,8,QUI,5,PAULISTA,7,RALF,TITE,PC GUSMAO,27.403,"1.113.002,95",1,VIS,N,S,"2 Guerrero, 1 Yago, 1 Emerson, 1 Petros","2 Crislan, 1 Luiz Gustavo",8,COR,4,1,3,0,4,1,0,3,ADRIANO DE ASSIS MIRANDA,SP,NAO
29,V,CORINTHIANS,4,0,DANUBIO,MONTEVIDEU,URU,URU,1,1,1,1,4,15,11,22:00,7,QUA,7,LIBERTADORES,3,GIL,TITE,LEONARDO RAMOS,38.471,"3.283.955,50",1,VIS,N,S,"1 Jadson, 3 Guerrero",X,4,COR,2,2,0,0,2,2,0,0,DIEGO HARO,PER,NAO
30,E,CORINTHIANS,1,1,SANTOS,SANTOS,SP,BRA,2,13,27,5,4,15,12,16:00,8,DOM,10,PAULISTA,8,ELIAS,TITE,MARCELO FERNANDES,32.199,"1.833.746,95",2,VIS,N,S,1 Felipe,1 Ricardo Oliveira,2,COR,1,0,1,0,1,0,0,1,VINICIUS GONCALVES DIAS ARAUJO,SP,NAO
31,V,CORINTHIANS,1,0,PONTE PRETA,CAMPINAS,SP,BRA,1,14,28,11,4,15,13,16:20,1,SAB,8,PAULISTA,9,CASSIO,TITE,GUTO FERREIRA,32.438,"2.283.546,00",1,VIS,S,N,1 Renato Augusto,X,1,COR,1,0,0,0,0,1,0,0,FLAVIO RODRIGUES DE SOUZA,SP,NAO
32,E,CORINTHIANS,0,0,SAN LORENZO,BUENOS AIRES,ARG,ARG,1,1,1,16,4,15,14,22:00,8,QUI,6,LIBERTADORES,4,RENATO AUGUSTO,TITE,EDGARDO BAUZA,40.744,"3.329.516,50",1,COR,N,S,X,X,0,X,0,0,0,0,0,0,0,0,VICTOR CARILLO,PER,NAO
33,E,CORINTHIANS,2,2,PALMEIRAS,SAO PAULO,SP,BRA,2,15,29,19,4,15,15,16:00,9,DOM,11,PAULISTA,10,RALF,TITE,OSWALDO DE OLIVEIRA,38.457,"3.194.302,50",1,COR,N,S,"1 Danilo, 1 Mendoza","1 Victor Ramos, 1 Rafael Marques",4,VIS,2,0,1,1,2,0,1,1,THIAGO DUARTE PEIXOTO,SP,NAO
34,D,CORINTHIANS,0,1,GUARANI,ASSUNCAO,PAR,PAR,1,1,1,13,5,15,16,22:00,9,QUA,8,LIBERTADORES,5,FABIO SANTOS,TITE,FERNANDO JUBERO,39.806,"3.327.731,50",1,VIS,N,S,X,1 Fernando Fernandez,1,VIS,0,0,1,0,0,0,0,1,ENRIQUE OSSES,CHI,NAO
35,D,CORINTHIANS,0,2,PALMEIRAS,SAO PAULO,SP,BRA,3,16,30,31,5,15,17,16:00,10,DOM,12,BRASILEIRO,16,RENATO AUGUSTO,TITE,OSWALDO DE OLIVEIRA,29.479,"1.784.531,76",1,COR,S,N,X,"1 Rafael Marques, 1 Ze Roberto",2,VIS,0,0,2,0,0,0,2,0,VINICIUS GONCALVES DIAS ARAUJO,SP,NAO
36,V,CORINTHIANS,2,1,INTERNACIONAL,PORTO ALEGRE,RS,BRA,2,3,31,13,6,15,18,16:30,2,SAB,9,BRASILEIRO,17,FAGNER,TITE,DIEGO AGUIRRE,27.270,"1.488.978,75",1,COR,S,N,"1 Jadson, 1 Vagner Love",1 Nilmar,3,VIS,2,0,1,0,0,2,1,0,MARCELO DE LIMA HENRIQUE,PE,NAO
37,V,CORINTHIANS,2,1,FIGUEIRENSE,FLORIANOPOLIS,SC,BRA,2,4,32,27,6,15,19,21:00,3,SAB,10,BRASILEIRO,18,GIL,TITE,ARGEL FUCKS,24.786,"1.252.246,25",2,VIS,N,S,"1 Vagner Love, 1 Jadson",1 Thiago Santana,3,COR,0,2,1,0,0,2,0,1,IGOR JUNIO BENEVENUTO,MG,NAO
38,V,CORINTHIANS,2,0,PONTE PRETA,CAMPINAS,SP,BRA,2,17,33,2,7,15,20,19:30,9,QUI,7,BRASILEIRO,19,JADSON,TITE,GUTO FERREIRA,26.649,"1.308.449,26",1,COR,S,N,"1 Jadson, 1 Vagner Love",X,2,COR,1,1,0,0,1,1,0,0,THIAGO DUARTE PEIXOTO,SP,NAO
39,V,CORINTHIANS,2,0,ATHLETICO,CURITIBA,PR,BRA,1,2,34,9,7,15,21,19:30,10,QUI,8,BRASILEIRO,20,CASSIO,TITE,MILTON MENDES,32.442,"1.861.072,76",1,VIS,N,S,"1 Elias, 1 Jadson",X,2,COR,1,1,0,0,1,1,0,0,RICARDO MARQUES RIBEIRO,MG,NAO
40,V,CORINTHIANS,1,0,ATLETICO MG,BELO HORIZONTE,MG,BRA,3,3,35,18,7,15,22,21:00,4,SAB,11,BRASILEIRO,21,FAGNER,TITE,LEVIR CULPI,36.280,"2.376.803,50",2,COR,S,N,1 Malcom,X,1,COR,0,1,0,0,1,0,0,0,ANDERSON DARONCO,RS,NAO
41,V,CORINTHIANS,3,0,VASCO DA GAMA,RIO DE JANEIRO,RJ,BRA,1,3,36,29,7,15,23,22:00,10,QUA,9,BRASILEIRO,22,GIL,TITE,CELSO ROTH,30.340,"1.608.159,76",1,VIS,N,S,"1 Renato Augusto, 1 Gil, 1 Elias",X,3,COR,0,3,0,0,0,3,0,0,LEANDRO PEDRO VUADEN,RS,NAO
42,V,CORINTHIANS,4,3,SPORT,RECIFE,PE,BRA,2,2,37,12,8,15,24,22:00,11,QUA,10,BRASILEIRO,23,RENATO AUGUSTO,TITE,EDUARDO BAPTISTA,30.941,"1.671.129,76",1,COR,N,S,"2 Luciano, 1 Samuel Xavier (GC), 1 Jadson","1 Andre, 2 Hernane",7,COR,2,2,2,1,2,2,1,2,LUIZ FLAVIO DE OLIVEIRA,SP,NAO
43,V,CORINTHIANS,3,0,CRUZEIRO,BELO HORIZONTE,MG,BRA,1,4,38,23,8,15,25,16:00,11,DOM,13,BRASILEIRO,24,JADSON,TITE,VANDERLEI LUXEMBURGO,41.014,"2.671.941,50",1,COR,N,S,"2 Vagner Love, 1 Jadson",X,3,COR,2,1,0,0,2,1,0,0,PERICLES BASSOLS,RJ,NAO
44,D,CORINTHIANS,1,2,SANTOS,SANTOS,SP,BRA,3,18,39,26,8,15,26,22:00,12,QUA,11,COPA DO BRASIL,4,GIL,TITE,DORIVAL JUNIOR,37.338,"2.353.824,50",2,COR,S,N,1 Romero,"1 Gabriel, 1 Ricardo Oliveira",3,VIS,1,0,1,1,0,1,1,1,RICARDO MARQUES RIBEIRO,MG,NAO
45,V,CORINTHIANS,2,0,FLUMINENSE,RIO DE JANEIRO,RJ,BRA,2,4,40,2,9,15,27,22:00,13,QUA,12,BRASILEIRO,25,RALF,TITE,ENDERSON MOREIRA,29.328,"1.553.141,50",3,COR,N,S,"1 Marciel, 1 Ralf",X,2,COR,1,1,0,0,1,1,0,0,SANDRO MEIRA RICCI,SC,NAO
46,E,CORINTHIANS,1,1,GREMIO,PORTO ALEGRE,RS,BRA,2,4,41,9,9,15,28,22:00,14,QUA,13,BRASILEIRO,26,CASSIO,TITE,ROGER MACHADO,30.126,"1.635.173,50",1,VIS,N,S,1 Renato Augusto,1 Bobo,2,VIS,0,1,1,0,0,1,0,1,ANDRE LUIZ DE FREITAS CASTRO,GO,NAO
47,V,CORINTHIANS,3,0,JOINVILLE,JOINVILLE,SC,BRA,1,5,42,13,9,15,29,11:00,1,DOM,14,BRASILEIRO,27,FAGNER,TITE,PC GUSMAO,41.809,"2.679.187,00",1,VIS,N,S,"1 Malcom, 1 Uendel, 1 Vagner Love",X,3,COR,1,2,0,0,1,2,0,0,WILTON PEREIRA SAMPAIO,GO,NAO
48,V,CORINTHIANS,2,0,SANTOS,SANTOS,SP,BRA,4,19,43,20,9,15,30,11:00,2,DOM,15,BRASILEIRO,28,JADSON,TITE,DORIVAL JUNIOR,41.748,"2.649.100,00",1,COR,S,N,2 Jadson,X,2,COR,2,0,0,0,0,2,0,0,FLAVIO RODRIGUES GUERRA,SP,NAO
49,V,CORINTHIANS,3,0,GOIAS,GOIANIA,GO,BRA,2,2,44,15,10,15,31,19:30,11,QUI,9,BRASILEIRO,29,RALF,TITE,ARTUR NETO,40.925,"2.561.055,50",1,COR,S,N,"1 Edu Dracena, 1 Malcom, 1 Rodriguinho",X,3,COR,1,2,0,0,2,1,0,0,WAGNER REWAY,MT,NAO
50,V,CORINTHIANS,1,0,FLAMENGO,RIO DE JANEIRO,RJ,BRA,1,5,45,24,10,15,32,17:00,4,DOM,16,BRASILEIRO,30,CASSIO,TITE,OSWALDO DE OLIVEIRA,43.515,"2.747.175,00",1,VIS,N,S,1 Vagner Love,X,1,COR,1,0,0,0,1,0,0,0,WILTON PEREIRA SAMPAIO,GO,NAO
51,V,CORINTHIANS,2,1,CORITIBA,CURITIBA,PR,BRA,2,3,46,7,11,15,33,19:30,12,SAB,12,BRASILEIRO,31,GIL,TITE,PACHEQUINHO,43.688,"2.772.735,50",1,COR,S,N,"1 Jadson, 1 Lucca",1 Negueba,3,COR,1,1,0,1,1,1,0,1,DEWSON FERNANDO SILVA,PA,NAO
52,V,CORINTHIANS,6,1,SAO PAULO,SAO PAULO,SP,BRA,3,20,47,22,11,15,34,17:00,5,DOM,17,BRASILEIRO,32,RALF,TITE,MILTON CRUZ,44.976,"2.339.497,50",2,VIS,N,S,"1 Bruno Henrique, 2 Romero, 1 Edu Dracena, 1 Lucca, 1 Cristian",1 Carlinhos,7,COR,3,3,1,0,3,3,0,1,PERICLES BASSOLS,RJ,NAO
53,E,CORINTHIANS,1,1,AVAI,FLORIANOPOLIS,SC,BRA,1,6,48,6,12,15,35,17:00,6,DOM,18,BRASILEIRO,33,FELIPE,TITE,RAUL CABRAL,43.389,"2.678.940,00",1,VIS,N,S,1 Vagner Love,1 Claudinei,2,VIS,0,1,1,0,0,1,0,1,LEANDRO PEDRO VUADEN,RS,NAO
54,V,CORINTHIANS,1,0,XV DE PIRACICABA,PIRACICABA,SP,BRA,1,21,49,31,1,16,1,17:00,7,DOM,19,PAULISTA,11,FAGNER,TITE,CLAUDINHO BATISTA,30.945,"1.643.455,00",1,VIS,N,S,1 Romero,X,1,COR,0,1,0,0,0,1,0,0,FLAVIO RODRIGUES DE SOUZA,SP,NAO
55,V,CORINTHIANS,2,1,CAPIVARIANO,CAPIVARI,SP,BRA,1,22,50,11,2,16,2,21:00,5,QUI,10,PAULISTA,12,UENDEL,TITE,EVARISTO PIZA,23.143,"1.113.209,00",1,VIS,N,S,"1 Romero, 1 Guilherme",1 Marlon,3,COR,1,1,0,1,1,1,1,0,MARCELO APARECIDO RIBEIRO DE SOUZA,SP,NAO
56,V,CORINTHIANS,2,0,SAO PAULO,SAO PAULO,SP,BRA,4,23,51,14,2,16,3,17:00,8,DOM,20,PAULISTA,13,FELIPE,TITE,EDGARDO BAUZA,36.378,"2.050.496,50",1,VIS,N,S,"1 Lucca, 1 Yago",X,2,COR,1,1,0,0,1,1,0,0,LUIZ FLAVIO DE OLIVEIRA,SP,NAO
57,V,CORINTHIANS,1,0,OESTE,ITAPOLIS,SP,BRA,1,24,52,27,2,16,4,21:00,6,SAB,13,PAULISTA,14,FAGNER,TITE,RENAN FREITAS,28.717,"1.460.902,00",1,COR,N,S,1 Rodriguinho,X,1,COR,0,1,0,0,0,1,0,0,JOSE CLAUDIO ROCHA FILHO,SP,NAO
58,V,CORINTHIANS,1,0,SANTA FE,BOGOTA,COL,COL,1,2,2,2,3,16,5,21:45,1,QUA,14,LIBERTADORES,6,CASSIO,TITE,GERARDO PELUSSO,38.818,"2.438.460,50",1,VIS,N,S,1 Guilherme,X,1,COR,0,1,0,0,0,1,0,0,MAURO VIGLIANO,ARG,NAO
59,V,CORINTHIANS,2,0,CERRO PORTEÑO,ASSUNCAO,PAR,PAR,1,2,2,16,3,16,6,21:45,2,QUA,15,LIBERTADORES,7,BRUNO HENRIQUE,TITE,CESAR FARIAS,42.403,"2.751.709,00",1,COR,S,N,"1 Lucca, 1 Victor Mareco (GC)",X,2,COR,1,1,0,0,1,1,0,0,PATRICIO LOUSTAU,ARG,NAO
60,V,CORINTHIANS,4,0,LINENSE,LINS,SP,BRA,1,25,53,19,3,16,7,16:00,12,SAB,14,PAULISTA,15,RODRIGUINHO,TITE,MOACIR JUNIOR,31.334,"1.711.408,00",1,COR,N,S,"2 Romero, 1 Balbuena, 1 Edilson",X,4,COR,2,2,0,0,2,2,0,0,SALIM FENDE CHAVEZ,SP,NAO
61,V,CORINTHIANS,1,0,ITUANO,ITU,SP,BRA,1,26,54,26,3,16,8,21:00,7,SAB,15,PAULISTA,16,CASSIO,TITE,TARCISIO PUGLIESE,28.491,"1.442.312,00",1,COR,N,S,1 Felipe,X,1,COR,0,1,0,0,0,1,0,0,NORBERTO LUCIANO SANTOS DA SILVEIRA,SP,NAO
62,V,CORINTHIANS,2,1,PONTE PRETA,CAMPINAS,SP,BRA,3,27,55,30,3,16,9,21:45,3,QUA,16,PAULISTA,17,DANILO,TITE,ALEXANDRE GALLO,22.029,"1.023.757,50",1,VIS,N,S,"1 Romero, 1 Balbuena",1 Felipe Azevedo,3,COR,1,1,0,1,1,1,1,0,ALESSANDRO DARCIE,SP,NAO
63,V,CORINTHIANS,3,0,NOVORIZONTINO (GN),NOVO HORIZONTE,SP,BRA,1,28,56,10,4,16,10,16:00,13,DOM,21,PAULISTA,18,ELIAS,TITE,GUILHERME ALVES,30.475,"1.580.493,50",1,VIS,N,S,"2 Fagner, 1 Alan Mineiro",X,3,COR,1,2,0,0,1,2,0,0,DOUGLAS MARQUES DAS FLORES,SP,NAO
64,V,CORINTHIANS,4,0,RED BULL,CAMPINAS,SP,BRA,2,29,57,16,4,16,11,16:20,2,SAB,16,PAULISTA,19,FAGNER,TITE,MAURICIO BARBIERI,36.957,"1.948.897,50",1,COR,S,N,"1 Giovanni Augusto, 1 Andre, 1 Alan Mineiro, 1 Lucca",X,4,COR,2,2,0,0,2,2,0,0,LUIZ FLAVIO DE OLIVEIRA,SP,NAO
65,V,CORINTHIANS,6,0,COBRESAL,EL SALVADOR,CHI,CHI,1,1,1,20,4,16,12,21:45,4,QUA,17,LIBERTADORES,8,RODRIGUINHO,TITE,DALCIO GIOVAGNOLI,41.710,"2.635.754,50",1,VIS,N,S,"2 Marlone, 2 Romero, 1 Guilherme Arana, 1 Elias",X,6,COR,4,2,0,0,4,2,0,0,ANDRES CUNHA,URU,NAO
66,E,CORINTHIANS,2,2,AUDAX,OSASCO,SP,BRA,1,30,58,23,4,16,13,18:30,2,SAB,17,PAULISTA,20,CASSIO,TITE,FERNANDO DINIZ,41.343,"2.574.271,00",1,VIS,N,S,2 Andre,"1 Bruno Paulo, 1 Tche Tche",4,VIS,0,2,1,1,0,2,1,1,THIAGO DUARTE PEIXOTO,SP,NAO
67,E,CORINTHIANS,2,2,NACIONAL,MONTEVIDEU,URU,URU,1,2,2,4,5,16,14,21:45,5,QUA,18,LIBERTADORES,9,ELIAS,TITE,GUSTAVO MUNUA,43.098,"2.888.299,19",1,VIS,N,S,"1 Lucca, 1 Marquinhos Gabriel","1 Nico Lopez, 1 Santiago Romero",4,VIS,1,1,1,1,1,1,1,1,NESTOR PITANA,ARG,NAO
68,E,CORINTHIANS,0,0,GREMIO,PORTO ALEGRE,RS,BRA,3,5,59,15,5,16,15,16:00,14,DOM,22,BRASILEIRO,34,FAGNER,TITE,ROGER MACHADO,31.533,"1.627.511,00",1,VIS,N,S,X,X,0,X,0,0,0,0,0,0,0,0,WILTON PEREIRA SAMPAIO,GO,NAO
69,V,CORINTHIANS,3,0,PONTE PRETA,CAMPINAS,SP,BRA,4,31,60,26,5,16,16,11:00,3,QUI,11,BRASILEIRO,35,FAGNER,TITE,EDUARDO BAPTISTA,35.573,"2.059.840,00",1,COR,N,S,"1 Kadu (GC), 1 Bruno Henrique, 1 Guilherme",X,3,COR,2,1,0,0,2,1,0,0,ELMO ALVES RESENDE CUNHA,GO,NAO
70,V,CORINTHIANS,1,0,SANTOS,SANTOS,SP,BRA,5,32,61,1,6,16,17,21:00,8,QUA,19,BRASILEIRO,36,FAGNER,TITE,DORIVAL JUNIOR,30.187,"1.460.047,00",1,VIS,N,S,1 Giovanni Augusto,X,1,COR,0,1,0,0,0,1,0,0,LEANDRO PEDRO VUADEN,RS,NAO
71,V,CORINTHIANS,2,1,CORITIBA,CURITIBA,PR,BRA,3,4,62,4,6,16,18,20:30,1,SAB,18,BRASILEIRO,37,BRUNO HENRIQUE,TITE,GILSON KLEINA,26.958,"1.312.962,00",1,VIS,N,S,"1 Andre, 1 Uendel",1 Negueba,3,COR,0,2,0,1,0,2,1,0,ANDERSON DARONCO,RS,NAO
72,V,CORINTHIANS,3,1,BOTAFOGO,RIO DE JANEIRO,RJ,BRA,2,6,63,19,6,16,19,16:00,15,DOM,23,BRASILEIRO,38,FAGNER,FABIO CARILLE,RICARDO GOMES,34.747,"2.023.396,50",1,VIS,N,S,"2 Bruno Henrique, 1 Marquinhos Gabriel",1 Leandrinho,4,COR,1,2,0,1,1,2,1,0,RODOLPHO TOSKI MARQUES,PR,NAO
73,V,CORINTHIANS,2,1,SANTA CRUZ,RECIFE,PE,BRA,1,3,64,25,6,16,20,21:00,9,SAB,19,BRASILEIRO,39,FAGNER,CRISTOVAO BORGES,MILTON MENDES,25.501,"1.384.144,00",1,VIS,N,S,"1 Luciano, 1 Romero",1 Grafite,3,COR,2,0,1,0,2,0,0,1,WAGNER DO NASCIMENTO MAGALHAES,RJ,NAO
74,V,CORINTHIANS,4,0,FLAMENGO,RIO DE JANEIRO,RJ,BRA,2,7,65,3,7,16,21,16:00,16,DOM,24,BRASILEIRO,40,FAGNER,CRISTOVAO BORGES,ZE RICARDO,32.577,"2.025.123,50",1,COR,N,S,"2 Romero, 1 Guilherme, 1 Rildo",X,4,COR,0,4,0,0,0,4,0,0,HEBER ROBERTO LOPES,SC,NAO
75,E,CORINTHIANS,1,1,SAO PAULO,SAO PAULO,SP,BRA,5,33,66,17,7,16,22,16:00,17,DOM,25,BRASILEIRO,41,FAGNER,CRISTOVAO BORGES,EDGARDO BAUZA,42.099,"2.620.166,00",1,VIS,N,S,1 Bruno Henrique,1 Cueva,2,VIS,1,0,0,1,1,0,1,0,PERICLES BASSOLS,PE,NAO
76,E,CORINTHIANS,1,1,FIGUEIRENSE,FLORIANOPOLIS,SC,BRA,3,7,67,23,7,16,23,16:00,18,SAB,20,BRASILEIRO,42,BRUNO HENRIQUE,CRISTOVAO BORGES,ARGEL FUCKS,38.507,"2.513.051,50",1,COR,S,N,1 Danilo,1 Dodo,2,VIS,1,0,0,1,0,1,0,1,MARIELSON ALVES SILVA,BA,NAO
77,V,CORINTHIANS,2,1,VITORIA,SALVADOR,BA,BRA,1,3,68,22,8,16,24,20:00,1,SEG,1,BRASILEIRO,43,ELIAS,CRISTOVAO BORGES,VAGNER MANCINI,20.207,"930.524,00",1,VIS,N,S,"1 Marlone, 1 Marquinhos Gabriel",1 Yago (GC),3,VIS,0,2,0,1,0,2,1,0,BRUNO ARLEU DE ARAUJO,RJ,NAO
78,V,CORINTHIANS,3,0,SPORT,RECIFE,PE,BRA,3,4,69,8,9,16,25,19:30,13,QUI,12,BRASILEIRO,44,UENDEL,CRISTOVAO BORGES,OSWALDO DE OLIVEIRA,24.360,"1.163.355,50",1,VIS,N,S,"1 Rodriguinho, 1 Leo Principe, 1 Vilson",X,3,COR,0,3,0,0,0,3,0,0,JOAO BATISTA DE ARRUDA,RJ,NAO
79,D,CORINTHIANS,0,2,PALMEIRAS,SAO PAULO,SP,BRA,4,34,70,17,9,16,26,16:00,19,SAB,21,BRASILEIRO,45,RODRIGUINHO,CRISTOVAO BORGES,CUCA,40.173,"2.344.829,00",1,VIS,S,N,X,"1 Moises Ribeiro, 1 Yerry Mina",2,VIS,0,0,1,1,0,0,1,1,HEBER ROBERTO LOPES,SC,NAO
80,V,CORINTHIANS,1,0,FLUMINENSE,RIO DE JANEIRO,RJ,BRA,3,8,71,21,9,16,27,21:45,6,QUA,20,COPA DO BRASIL,5,FAGNER,FABIO CARILLE,LEVIR CULPI,20.614,"1.103.889,50",1,COR,N,S,1 Rodriguinho,X,1,COR,0,1,0,0,0,1,0,0,RODOLPHO TOSKI MARQUES,PR,NAO
81,D,CORINTHIANS,0,1,FLUMINENSE,RIO DE JANEIRO,RJ,BRA,4,9,72,25,9,16,28,16:00,20,DOM,26,BRASILEIRO,46,FAGNER,FABIO CARILLE,LEVIR CULPI,18.838,"914.004,50",1,COR,N,S,X,1 Cicero,1,VIS,0,0,1,0,0,0,0,1,ANDERSON DARONCO,RS,NAO
82,V,CORINTHIANS,2,1,CRUZEIRO,BELO HORIZONTE,MG,BRA,2,5,73,28,9,16,29,21:45,7,QUA,21,COPA DO BRASIL,6,RODRIGUINHO,FABIO CARILLE,MANO MENEZES,18.796,"961.342,00",1,COR,S,N,"1 Leo (GC), 1 Romero",1 Robinho,3,COR,2,0,0,1,0,2,0,1,EDUARDO TOMAZ DE AQUINO VALADAO,GO,NAO
83,E,CORINTHIANS,0,0,ATLETICO MG,BELO HORIZONTE,MG,BRA,4,6,74,5,10,16,30,21:00,10,QUA,22,BRASILEIRO,47,RODRIGUINHO,FABIO CARILLE,MARCELO OLIVEIRA,17.135,"760.443,00",1,VIS,N,S,X,X,0,X,0,0,0,0,0,0,0,0,RODOLPHO TOSKI MARQUES,PR,NAO
84,V,CORINTHIANS,2,0,AMERICA,BELO HORIZONTE,MG,BRA,1,7,75,16,10,16,31,18:30,3,DOM,27,BRASILEIRO,48,FAGNER,OSWALDO DE OLIVEIRA,ENDERSON MOREIRA,25.741,"1.285.708,00",1,COR,N,S,"1 Romero, 1 Rodriguinho",X,2,COR,2,0,0,0,2,0,0,0,DEWSON FERNANDO SILVA,PA,NAO
85,E,CORINTHIANS,1,1,CHAPECOENSE,CHAPECO,SC,BRA,2,8,76,29,10,16,32,16:30,3,SAB,22,BRASILEIRO,49,VILSON,OSWALDO DE OLIVEIRA,CAIO JUNIOR,25.064,"1.247.140,00",1,VIS,N,S,1 Giovanni Augusto,1 Bruno Rangel,2,COR,0,1,1,0,0,1,0,1,JEAN PIERRE LIMA,RS,NAO
86,V,CORINTHIANS,1,0,INTERNACIONAL,PORTO ALEGRE,RS,BRA,3,6,77,21,11,16,33,20:00,2,SEG,2,BRASILEIRO,50,VILSON,OSWALDO DE OLIVEIRA,LISCA,19.493,"907.361,50",1,COR,N,S,1 Marlone,X,1,COR,0,1,0,0,0,1,0,0,RODOLPHO TOSKI MARQUES,PR,NAO
87,E,CORINTHIANS,0,0,ATHLETICO,CURITIBA,PR,BRA,2,5,78,26,11,16,34,21:00,11,SAB,23,BRASILEIRO,51,RODRIGUINHO,OSWALDO DE OLIVEIRA,PAULO AUTUORI,24.701,"1.291.293,00",1,COR,S,N,X,X,0,X,0,0,0,0,0,0,0,0,LEANDRO PEDRO VUADEN,RS,NAO
88,V,CORINTHIANS,1,0,FERROVIARIA (ARARAQUARA),ARARAQUARA,SP,BRA,1,35,79,1,2,17,1,21:45,8,QUA,23,AMISTOSO,2,BALBUENA,FABIO CARILLE,ANTONIO PICOLI,21.956,"365.603,00",1,COR,N,S,1 Marquinhos Gabriel,X,1,COR,0,1,0,0,0,1,0,0,LEANDRO BIZZIO MARINHO,SP,NAO
89,D,CORINTHIANS,0,2,SANTO ANDRE,SANTO ANDRE,SP,BRA,1,36,80,11,2,17,2,21:00,12,SAB,24,PAULISTA,21,JO,FABIO CARILLE,TONINHO CECILIO,18.046,"798.997,30",1,COR,S,N,X,"1 Edmilson, 1 Claudinho",2,VIS,0,0,1,1,0,0,1,1,SALIM FENDE CHAVEZ,SP,NAO
90,V,CORINTHIANS,1,0,NOVORIZONTINO (GN),NOVO HORIZONTE,SP,BRA,2,37,81,15,2,17,3,19:30,14,QUA,24,PAULISTA,22,RODRIGUINHO,FABIO CARILLE,JUNIOR ROCHA,11.708,"473.376,10",1,COR,S,N,1 Pablo,X,1,COR,0,1,0,0,1,0,0,0,FLAVIO RODRIGUES DE SOUZA,SP,NAO
91,V,CORINTHIANS,1,0,PALMEIRAS,SAO PAULO,SP,BRA,5,38,82,22,2,17,4,21:45,9,QUA,25,PAULISTA,23,FAGNER,FABIO CARILLE,EDUARDO BAPTISTA,30.707,"1.535.887,00",1,VIS,N,S,1 Jo,X,1,COR,0,1,0,0,0,1,0,0,THIAGO DUARTE PEIXOTO,SP,NAO
92,V,CORINTHIANS,1,0,SANTOS,SANTOS,SP,BRA,6,39,83,4,3,17,5,18:30,4,SAB,25,PAULISTA,24,FAGNER,FABIO CARILLE,DORIVAL JUNIOR,36.111,"1.991.856,80",1,VIS,N,S,1 Jo,X,1,COR,0,1,0,0,0,1,0,0,LEANDRO BIZZIO MARINHO,SP,NAO
93,E,CORINTHIANS,1,1,LUVERDENSE,LUCAS DO RIO VERDE,MT,BRA,1,1,84,16,3,17,6,19:30,15,QUI,13,COPA DO BRASIL,7,GABRIEL,FABIO CARILLE,ODIL SOARES,25.082,"941.324,10",1,COR,N,S,1 Jo,1 Ricardo,2,COR,1,0,1,0,1,0,0,1,PAULO HENRIQUE SHCLEICH VOLKOPF,SP,NAO
94,E,CORINTHIANS,1,1,RED BULL,CAMPINAS,SP,BRA,3,40,85,23,3,17,7,17:00,9,QUI,14,PAULISTA,25,RODRIGUINHO,FABIO CARILLE,ALBERTO VALENTIM,16.861,"675.886,90",1,VIS,N,S,1 Maycon,1 Guilherme Lazaroni,2,COR,0,1,1,0,0,1,0,1,SALIM FENDE CHAVEZ,SP,NAO
95,V,CORINTHIANS,3,1,LINENSE,LINS,SP,BRA,2,41,86,29,3,17,8,21:45,10,QUA,26,PAULISTA,26,JO,FABIO CARILLE,MARCIO FERNANDES,12.159,"471.297,90",1,COR,S,N,"1 Leo Jaba, 1 Jadson, 1 Romero",1 Thiago Humberto,4,COR,1,2,0,1,2,1,0,1,JOSE CLAUDIO ROCHA FILHO,SP,NAO
96,V,CORINTHIANS,2,0,UNIVERSIDAD DE CHILE,SANTIAGO,CHI,CHI,1,2,2,5,4,17,9,21:45,11,QUA,27,SULAMERICANA,1,BALBUENA,FABIO CARILLE,GUILLERMO HOYOS,22.661,"982.780,90",1,VIS,S,N,"1 Rodriguinho, 1 Jadson",X,2,COR,1,1,0,0,1,1,0,0,DARIO HERRERA,ARG,NAO
97,V,CORINTHIANS,1,0,BOTAFOGO (RIBEIRAO PRETO),RIBEIRAO PRETO,SP,BRA,2,42,87,9,4,17,10,16:00,21,DOM,28,PAULISTA,27,CASSIO,FABIO CARILLE,MOACIR JUNIOR,33.491,"1.681.481,10",1,COR,S,N,1 Rodriguinho,X,1,COR,0,1,0,0,1,0,0,0,MARCELO APARECIDO RIBEIRO DE SOUZA,SP,NAO
98,E,CORINTHIANS,1,1,INTERNACIONAL,PORTO ALEGRE,RS,BRA,4,7,88,19,4,17,11,21:45,12,QUA,28,COPA DO BRASIL,8,BALBUENA,FABIO CARILLE,ANTONIO ZAGO,32.352,"1.639.381,20",1,COR,N,S,1 Maycon,1 Fagner (GC),2,COR,1,0,1,0,1,0,0,1,MARCELO DE LIMA HENRIQUE,RJ,NAO
99,E,CORINTHIANS,1,1,SAO PAULO,SAO PAULO,SP,BRA,6,43,89,23,4,17,12,16:00,22,DOM,29,PAULISTA,28,FAGNER,FABIO CARILLE,ROGERIO CENI,43.008,"2.667.936,30",1,COR,N,S,1 Jo,1 Lucas Pratto,2,COR,1,0,1,0,1,0,0,1,FLAVIO RODRIGUES DE SOUZA,SP,NAO
100,E,CORINTHIANS,1,1,PONTE PRETA,CAMPINAS,SP,BRA,5,44,90,7,5,17,13,16:00,23,DOM,30,PAULISTA,29,CASSIO,FABIO CARILLE,GILSON KLEINA,46.017,"2.792.212,60",1,VIS,N,S,1 Romero,1 Marllon,2,COR,0,1,1,0,0,1,0,1,LEANDRO BIZZIO MARINHO,SP,NAO
101,E,CORINTHIANS,1,1,CHAPECOENSE,CHAPECO,SC,BRA,3,9,91,13,5,17,14,19:00,1,SAB,26,BRASILEIRO,52,RODRIGUINHO,FABIO CARILLE,VAGNER MANCINI,31.470,"1.477.730,80",1,VIS,N,S,1 Jo,1 Wellington Paulista,2,COR,1,0,1,0,1,0,0,1,ELMO ALVES RESENDE CUNHA,GO,NAO
102,V,CORINTHIANS,2,0,SANTOS,SANTOS,SP,BRA,7,45,92,3,6,17,15,19:00,2,SAB,27,BRASILEIRO,53,JO,FABIO CARILLE,DORIVAL JUNIOR,40.169,"2.110.601,50",1,COR,N,S,"1 Romero, 1 Jo",X,2,COR,0,2,0,0,0,2,0,0,ANDERSON DARONCO,RS,NAO
103,V,CORINTHIANS,3,2,SAO PAULO,SAO PAULO,SP,BRA,7,46,93,11,6,17,16,16:00,24,DOM,31,BRASILEIRO,54,CASSIO,FABIO CARILLE,ROGERIO CENI,42.443,"2.386.356,40",1,COR,N,S,"1 Romero, 1 Gabriel, 1 Jadson","1 Gilberto, 1 Wellington Nem",5,COR,2,1,1,1,2,1,1,1,RICARDO MARQUES RIBEIRO,MG,NAO
104,V,CORINTHIANS,1,0,CRUZEIRO,BELO HORIZONTE,MG,BRA,3,8,94,14,6,17,17,21:45,13,QUA,29,BRASILEIRO,55,BALBUENA,FABIO CARILLE,MANO MENEZES,30.465,"1.462.205,40",1,COR,S,N,1 Balbuena,X,1,COR,0,1,0,0,1,0,0,0,LEANDRO PEDRO VUADEN,RS,NAO
105,V,CORINTHIANS,3,0,BAHIA,SALVADOR,BA,BRA,3,4,95,22,6,17,18,19:30,16,QUI,15,BRASILEIRO,56,FAGNER,FABIO CARILLE,JORGINHO,34.250,"1.504.387,20",1,COR,S,N,"1 Jo, 1 Balbuena, 1 Marquinhos Gabriel",X,3,COR,2,1,0,0,1,2,0,0,DEWSON FERNANDO SILVA,PA,NAO
106,V,CORINTHIANS,1,0,BOTAFOGO,RIO DE JANEIRO,RJ,BRA,3,10,96,2,7,17,19,16:00,25,DOM,32,BRASILEIRO,57,CASSIO,FABIO CARILLE,JAIR VENTURA,40.341,"2.235.726,90",1,VIS,N,S,1 Jo,X,1,COR,0,1,0,0,0,1,0,0,RODOLPHO TOSKI MARQUES,PR,NAO
107,V,CORINTHIANS,2,0,PONTE PRETA,CAMPINAS,SP,BRA,6,47,97,8,7,17,20,19:00,3,SAB,28,BRASILEIRO,58,JADSON,FABIO CARILLE,GILSON KLEINA,32.877,"1.974.902,30",1,VIS,N,S,"1 Jadson, 1 Jo",X,2,COR,1,1,0,0,1,1,0,0,RICARDO MARQUES RIBEIRO,MG,NAO
108,E,CORINTHIANS,2,2,ATHLETICO,CURITIBA,PR,BRA,3,6,98,15,7,17,21,19:00,4,SAB,29,BRASILEIRO,59,JO,FABIO CARILLE,KELLY GUIMARAES,41.201,"2.403.003,90",1,VIS,N,S,2 Jo,"1 Jonathan, 1 Otavio",4,VIS,1,1,1,1,1,1,1,1,SANDRO MEIRA RICCI,SC,NAO
109,V,CORINTHIANS,2,0,PATRIOTAS,TUNJA,COL,COL,1,3,3,26,7,17,22,21:45,14,QUA,30,SULAMERICANA,2,BALBUENA,FABIO CARILLE,DIEGO CORREDOR,34.472,"1.593.595,90",1,COR,N,S,"1 Balbuena, 1 Pedrinho",X,2,COR,1,1,0,0,1,1,0,0,ROBERTO TOBAR,CHI,NAO
110,E,CORINTHIANS,1,1,FLAMENGO,RIO DE JANEIRO,RJ,BRA,3,11,99,30,7,17,23,16:00,26,DOM,33,BRASILEIRO,60,JO,FABIO CARILLE,ZE RICARDO,44.682,"2.823.378,00",1,COR,S,N,1 Jo,1 Rever,2,COR,0,1,0,1,1,0,0,1,RICARDO MARQUES RIBEIRO,MG,NAO
111,V,CORINTHIANS,3,1,SPORT,RECIFE,PE,BRA,4,5,100,5,8,17,24,19:00,5,SAB,30,BRASILEIRO,61,FAGNER,FABIO CARILLE,VANDERLEI LUXEMBURGO,41.279,"2.446.519,40",1,VIS,S,N,"1 Guilherme Arana, 1 Rodriguinho, 1 Pedro Henrique",1 Thallyson,4,COR,2,1,0,2,1,2,0,1,WAGNER REWAY,MT,NAO
112,D,CORINTHIANS,0,1,VITORIA,SALVADOR,BA,BRA,2,5,101,19,8,17,25,16:00,27,SAB,31,BRASILEIRO,62,JO,FABIO CARILLE,VAGNER MANCINI,42.075,"2.580.574,90",1,VIS,N,S,X,1 Trellez,1,VIS,0,0,0,1,0,0,1,0,EDUARDO TOMAZ DE AQUINO VALADAO,GO,NAO
113,D,CORINTHIANS,0,1,ATLETICO GOIANIENSE,GOIANIA,GO,BRA,1,3,102,26,8,17,26,19:00,6,SAB,32,BRASILEIRO,63,FAGNER,FABIO CARILLE,JOAO PAULO SANCHES,40.581,"2.405.425,90",1,VIS,N,S,X,1 Gilvan,1,VIS,0,0,1,0,0,0,0,1,PERICLES BASSOLS,PE,NAO
114,E,CORINTHIANS,1,1,RACING,AVELLANEDA,ARG,ARG,1,2,2,13,9,17,27,21:45,15,QUA,31,SULAMERICANA,3,BALBUENA,FABIO CARILLE,DIEGO COCCA,25.451,"1.309.947,50",1,VIS,N,S,1 Maycon,1 Enrique Triverio,2,COR,1,0,1,0,1,0,0,1,EBER AQUINO,PAR,NAO
115,V,CORINTHIANS,1,0,VASCO DA GAMA,RIO DE JANEIRO,RJ,BRA,2,12,103,17,9,17,28,16:00,28,DOM,34,BRASILEIRO,64,JO,FABIO CARILLE,ZE RICARDO,41.235,"2.436.134,70",1,COR,S,N,1 Jo,X,1,COR,1,0,0,0,0,1,0,0,ELMO ALVES RESENDE CUNHA,GO,NAO
116,V,CORINTHIANS,3,1,CORITIBA,CURITIBA,PR,BRA,4,7,104,11,10,17,29,21:00,13,QUA,32,BRASILEIRO,65,BALBUENA,FABIO CARILLE,MARCELO OLIVEIRA,36.439,"1.872.944,00",1,VIS,N,S,"1 Jo, 2 Clayson",1 Henrique Almeida,4,COR,1,2,0,1,1,2,1,0,CLAUDIO FRANCISCO LIMA E SILVA,SE,NAO
117,E,CORINTHIANS,0,0,GREMIO,PORTO ALEGRE,RS,BRA,4,8,105,18,10,17,30,21:45,16,QUA,33,BRASILEIRO,66,RODRIGUINHO,FABIO CARILLE,RENATO GAUCHO,40.008,"2.231.124,00",1,VIS,N,S,X,X,0,X,0,0,0,0,0,0,0,0,HEBER ROBERTO LOPES,SC,NAO
118,V,CORINTHIANS,3,2,PALMEIRAS,SAO PAULO,SP,BRA,6,48,106,5,11,17,31,17:00,10,DOM,35,BRASILEIRO,67,BALBUENA,FABIO CARILLE,ALBERTO VALENTIM,46.090,"2.908.847,10",1,COR,S,N,"1 Romero, 1 Balbuena, 1 Jo","1 Yerry Mina, 1 Moises Ribeiro",5,COR,0,3,1,1,3,0,1,1,ANDERSON DARONCO,RS,NAO
119,V,CORINTHIANS,1,0,AVAI,FLORIANOPOLIS,SC,BRA,2,10,107,11,11,17,32,19:00,7,SAB,33,BRASILEIRO,68,BALBUENA,FABIO CARILLE,CLAUDINEI OLIVEIRA,42.732,"2.739.920,90",1,COR,N,S,1 Kazim,X,1,COR,0,1,0,0,0,1,0,0,DEWSON FERNANDO SILVA,PA,NAO
120,V,CORINTHIANS,3,1,FLUMINENSE,RIO DE JANEIRO,RJ,BRA,5,13,108,15,11,17,33,21:45,17,QUA,34,BRASILEIRO,69,FAGNER,FABIO CARILLE,ABEL BRAGA,45.775,"2.882.688,00",1,VIS,N,S,"2 Jo, 1 Jadson",1 Henrique,4,VIS,0,3,0,1,0,3,1,0,BRAULIO DA SILVA MACHADO,SC,NAO
121,E,CORINTHIANS,2,2,ATLETICO MG,BELO HORIZONTE,MG,BRA,5,9,109,26,11,17,34,17:00,11,DOM,36,BRASILEIRO,70,CASSIO,FABIO CARILLE,OSWALDO DE OLIVEIRA,46.030,"2.892.594,20",1,COR,S,N,"1 Jadson, 1 Marquinhos Gabriel","1 Otero, Fred",4,VIS,1,1,1,1,1,1,1,1,WAGNER DO NASCIMENTO MAGALHAES,RJ,NAO
122,D,CORINTHIANS,0,1,SAO BENTO (SOROCABA),SOROCABA,SP,BRA,1,49,110,14,2,18,1,21:45,18,QUA,35,PAULISTA,30,CASSIO,FABIO CARILLE,PAULO ROBERTO SANTOS,14.493,"603.122,90",1,VIS,N,S,X,1 Joao Paulo,1,VIS,0,0,0,1,0,0,1,0,FLAVIO RODRIGUES DE SOUZA,SP,NAO
123,V,CORINTHIANS,2,0,PALMEIRAS,SAO PAULO,SP,BRA,7,50,111,24,2,18,2,17:00,12,SAB,34,PAULISTA,31,FAGNER,FABIO CARILLE,ROGER MACHADO,42.178,"2.476.111,10",1,VIS,N,S,"1 Rodriguinho, 1 Clayson",X,2,COR,1,1,0,0,1,1,0,0,RAPHAEL CLAUS,SP,NAO
124,V,CORINTHIANS,1,0,MIRASSOL,MIRASSOL,SP,BRA,1,51,112,7,3,18,3,21:45,19,QUA,36,PAULISTA,32,RODRIGUINHO,FABIO CARILLE,MOISES EGERT,15.144,"611.717,50",1,VIS,N,S,1 Emerson,X,1,COR,0,1,0,0,0,1,0,0,VINICIUS GONCALVES DIAS ARAUJO,SP,NAO
125,V,CORINTHIANS,2,0,DEPORTIVO LARA,CABUDARE,VEN,VEN,1,1,1,14,3,18,4,21:45,20,QUA,37,LIBERTADORES,10,BALBUENA,FABIO CARILLE,LEONARDO GONZALEZ,31.524,"2.095.062,95",1,VIS,N,S,"1 Emerson, 1 Henry Pernia (GC)",X,2,COR,0,2,0,0,0,2,0,0,RAUL OROSCO,BOL,NAO
126,V,CORINTHIANS,2,0,BRAGANTINO,BRAGANCA PAULISTA,SP,BRA,2,52,113,22,3,18,5,20:00,3,QUI,17,PAULISTA,33,BALBUENA,FABIO CARILLE,MARCELO VEIGA,32.930,"1.554.163,80",1,COR,S,N,"1 Sidcley, 1 Maycon",X,2,COR,0,2,0,0,2,0,0,0,VINICIUS GONCALVES DIAS ARAUJO,SP,NAO
127,V,CORINTHIANS,1,0,SAO PAULO,SAO PAULO,SP,BRA,8,53,114,28,3,18,6,21:45,21,QUA,38,PAULISTA,34,EMERSON,FABIO CARILLE,DIEGO AGUIRRE,43.062,"2.603.440,11",1,COR,N,S,1 Rodriguinho,X,1,COR,0,1,0,0,0,1,0,0,VINICIUS GONCALVES DIAS ARAUJO,SP,NAO
128,D,CORINTHIANS,0,1,PALMEIRAS,SAO PAULO,SP,BRA,8,54,115,31,3,18,7,16:30,4,SAB,35,PAULISTA,35,BALBUENA,FABIO CARILLE,ROGER MACHADO,43.535,"3.182.923,66",1,COR,S,N,X,1 Miguel Borja,1,VIS,0,0,1,0,0,0,1,0,LEANDRO BIZZIO MARINHO,SP,NAO
129,V,CORINTHIANS,2,1,FLUMINENSE,RIO DE JANEIRO,RJ,BRA,6,14,116,15,4,18,8,16:00,29,DOM,37,BRASILEIRO,71,FAGNER,FABIO CARILLE,ABEL BRAGA,28.777,"1.372.018,07",1,COR,S,N,2 Rodriguinho,1 Richard,3,COR,1,1,0,1,1,1,0,1,ANDERSON DARONCO,RS,NAO
130,D,CORINTHIANS,1,2,INDEPENDIENTE,AVELLANEDA,ARG,ARG,1,3,3,2,5,18,9,21:45,22,QUA,39,LIBERTADORES,11,BALBUENA,FABIO CARILLE,ARIEL HOLAN,34.287,"2.415.956,35",1,COR,S,N,1 Jadson,"1 Martin Benitez, 1 Romero (GC)",3,VIS,0,1,2,0,1,0,2,0,VICTOR CARRILO,PER,NAO
131,E,CORINTHIANS,1,1,CEARA,FORTALEZA,CE,BRA,1,1,117,6,5,18,10,11:00,4,DOM,38,BRASILEIRO,72,HENRIQUE,FABIO CARILLE,MARCELO CHAMUSCA,40.350,"2.416.706,37",1,COR,S,N,1 Henrique,1 Wescley,2,VIS,0,1,1,0,1,0,1,0,SAVIO PEREIRA SAMPAIO,DF,NAO
132,V,CORINTHIANS,3,1,VITORIA,SALVADOR,BA,BRA,3,6,118,10,5,18,11,19:30,17,QUI,18,COPA DO BRASIL,9,CASSIO,FABIO CARILLE,VAGNER MANCINI,29.625,"1.280.969,60",1,COR,N,S,"1 Maycon, 2 Romero",1 Andre Lima,4,COR,1,2,1,0,1,2,0,1,SANDRO MEIRA RICCI,PR,NAO
133,V,CORINTHIANS,1,0,PALMEIRAS,SAO PAULO,SP,BRA,9,55,119,13,5,18,12,16:00,30,DOM,39,BRASILEIRO,73,JADSON,FABIO CARILLE,ROGER MACHADO,34.967,"2.006.830,27",1,VIS,S,N,1 Rodriguinho,X,1,COR,0,1,0,0,1,0,0,0,ANDERSON DARONCO,RS,NAO
134,D,CORINTHIANS,0,1,MILLONARIOS,BOGOTA,COL,COL,1,4,4,24,5,18,13,21:30,1,QUI,19,LIBERTADORES,12,BALBUENA,OSMAR LOSS,MIGUEL ANGEL RUSSO,30.340,"2.044.105,52",1,VIS,N,S,X,1 Cesar Carrillo,1,VIS,0,0,1,0,0,0,0,1,DIEGO HARO,PER,NAO
135,V,CORINTHIANS,1,0,AMERICA,BELO HORIZONTE,MG,BRA,2,10,120,31,5,18,14,18:00,1,QUI,20,BRASILEIRO,74,RODRIGUINHO,OSMAR LOSS,ENDERSON MOREIRA,34.921,"1.815.526,97",1,COR,N,S,1 Jadson,X,1,COR,0,1,0,0,0,1,0,0,GRAZIANNI MACIEL ROCHA,RJ,NAO
136,E,CORINTHIANS,1,1,SANTOS,SANTOS,SP,BRA,8,56,121,6,6,18,15,21:00,14,QUA,40,BRASILEIRO,75,BALBUENA,OSMAR LOSS,JAIR VENTURA,27.586,"1.249.919,56",1,VIS,N,S,1 Roger,1 Victor Ferraz,2,COR,0,1,1,0,0,1,0,1,RICARDO MARQUES RIBEIRO,MG,NAO
137,E,CORINTHIANS,0,0,VITORIA,SALVADOR,BA,BRA,4,7,122,9,6,18,16,21:00,15,SAB,36,BRASILEIRO,76,RODRIGUINHO,OSMAR LOSS,VAGNER MANCINI,27.744,"1.212.745,36",1,VIS,N,S,X,X,0,X,0,0,0,0,0,0,0,0,PERICLES BASSOLS,RJ,NAO
138,V,CORINTHIANS,2,1,GREMIO,PORTO ALEGRE,RS,BRA,5,9,123,8,7,18,17,11:00,5,DOM,40,AMISTOSO,3,RODRIGUINHO,OSMAR LOSS,RENATO GAUCHO,27.418,"659.436,90",1,VIS,N,S,"1 Matheus Matias, 1 Marquinhos Gabriel",1 Leo Moura,3,VIS,0,2,0,1,0,2,1,0,BRUNO SALGADO RIZZO,SP,NAO
139,E,CORINTHIANS,2,2,CRUZEIRO,BELO HORIZONTE,MG,BRA,4,11,124,11,7,18,18,20:00,4,QUA,41,AMISTOSO,4,CASSIO,OSMAR LOSS,MANO MENEZES,36.830,"504.421,80",1,VIS,N,S,"1 Paulo Roberto, 1 Pedrinho","1 Henrique, 1 Rafael Sobis",4,VIS,1,1,0,2,1,1,2,0,LUCAS CANETTO BELLOTE,SP,NAO
140,V,CORINTHIANS,2,0,BOTAFOGO,RIO DE JANEIRO,RJ,BRA,4,15,125,18,7,18,19,21:45,23,QUA,42,BRASILEIRO,77,FAGNER,OSMAR LOSS,MARCOS PAQUETA,19.830,"813.687,13",1,VIS,N,S,"1 Rodriguinho, 1 Romero",X,2,COR,1,1,0,0,1,1,0,0,RODRIGO D'ALONSO FERREIRA,SC,NAO
141,V,CORINTHIANS,2,0,CRUZEIRO,BELO HORIZONTE,MG,BRA,5,12,126,25,7,18,20,21:45,24,QUA,43,BRASILEIRO,78,JADSON,OSMAR LOSS,MANO MENEZES,21.031,"840.676,01",1,COR,N,S,2 Romero,X,2,COR,0,2,0,0,0,2,0,0,PAULO ROBERTO ALVES JUNIOR,PR,NAO
142,V,CORINTHIANS,1,0,CHAPECOENSE,CHAPECO,SC,BRA,4,11,127,1,8,18,21,21:45,25,QUA,44,COPA DO BRASIL,10,CASSIO,OSMAR LOSS,GILSON KLEINA,23.624,"931.506,17",1,COR,S,N,1 Romero,X,1,COR,0,1,0,0,1,0,0,0,WAGNER DO NASCIMENTO MAGALHAES,RJ,SIM
143,E,CORINTHIANS,0,0,ATHLETICO,CURITIBA,PR,BRA,4,8,128,4,8,18,22,21:00,16,SAB,37,BRASILEIRO,79,HENRIQUE,OSMAR LOSS,TIAGO NUNES,28.455,"1.087.600,64",1,VIS,N,S,X,X,0,X,0,0,0,0,0,0,0,0,PERICLES BASSOLS,PE,NAO
144,D,CORINTHIANS,0,1,GREMIO,PORTO ALEGRE,RS,BRA,6,10,129,18,8,18,23,19:00,8,SAB,38,BRASILEIRO,80,HENRIQUE,OSMAR LOSS,RENATO GAUCHO,32.583,"1.620.165,44",1,COR,N,S,X,1 Everton,1,VIS,0,0,1,0,0,0,0,1,WAGNER REWAY,MT,NAO
145,V,CORINTHIANS,1,0,PARANA,CURITIBA,PR,BRA,1,9,130,25,8,18,24,19:00,9,SAB,39,BRASILEIRO,81,CASSIO,OSMAR LOSS,CLAUDINEI OLIVEIRA,28.136,"1.019.205,58",1,COR,N,S,1 Henrique,X,1,COR,1,0,0,0,1,0,0,0,ANDRE LUIZ DE FREITAS CASTRO,GO,NAO
146,V,CORINTHIANS,2,1,COLO COLO,SANTIAGO,CHI,CHI,1,3,3,29,8,18,25,21:45,26,QUA,45,LIBERTADORES,13,ROMERO,OSMAR LOSS,GUALBERTO JARA,38.112,"2.736.246,58",1,COR,S,N,"1 Jadson, 1 Roger",1 Lucas Barrios,3,COR,1,1,1,0,1,1,1,0,NESTOR PITANA,ARG,NAO
147,E,CORINTHIANS,1,1,ATLETICO MG,BELO HORIZONTE,MG,BRA,6,13,131,1,9,18,26,21:00,17,SAB,40,BRASILEIRO,82,GABRIEL,OSMAR LOSS,THIAGO LARGHI,29.371,"1.059.954,90",1,COR,S,N,1 Pedrinho,1 Fabio Santos,2,COR,0,1,1,0,1,0,1,0,WAGNER DO NASCIMENTO MAGALHAES,RJ,NAO
148,V,CORINTHIANS,2,1,SPORT,RECIFE,PE,BRA,5,6,132,16,9,18,27,19:00,10,DOM,41,BRASILEIRO,83,CASSIO,JAIR VENTURA,EDUARDO BAPTISTA,20.901,"731.299,30",1,VIS,N,S,"1 Jadson, 1 Danilo Avelar",1 Hernane,3,VIS,0,2,0,1,0,2,1,0,RODRIGO D'ALONSO FERREIRA,SC,NAO
149,E,CORINTHIANS,1,1,INTERNACIONAL,PORTO ALEGRE,RS,BRA,5,11,133,23,9,18,28,16:00,31,DOM,42,BRASILEIRO,84,CASSIO,JAIR VENTURA,ODAIR HELLMANN,26.916,"1.149.396,60",1,COR,N,S,1 Douglas,1 Leandro Damiao,2,VIS,0,1,0,1,0,1,1,0,EDUARDO TOMAZ DE AQUINO VALADAO,GO,NAO
150,V,CORINTHIANS,2,1,FLAMENGO,RIO DE JANEIRO,RJ,BRA,4,16,134,26,9,18,29,21:45,27,QUA,46,COPA DO BRASIL,11,CASSIO,JAIR VENTURA,MAURICIO BARBIERI,44.249,"3.663.322,30",1,COR,S,N,"1 Danilo Avelar, 1 Pedrinho",1 Henrique (GC),3,COR,1,1,1,0,1,1,1,0,RICARDO MARQUES RIBEIRO,MG,SIM
151,D,CORINTHIANS,0,3,FLAMENGO,RIO DE JANEIRO,RJ,BRA,5,17,135,5,10,18,30,21:00,18,SEX,1,BRASILEIRO,85,CASSIO,JAIR VENTURA,DORIVAL JUNIOR,41.693,"1.381.719,00",3,COR,S,N,X,"2 Paqueta, 1 Rene",3,VIS,0,0,0,3,0,0,0,3,PAULO ROBERTO ALVES JUNIOR,PR,NAO
152,D,CORINTHIANS,1,2,CRUZEIRO,BELO HORIZONTE,MG,BRA,6,14,136,17,10,18,31,21:45,28,QUA,47,COPA DO BRASIL,12,CASSIO,JAIR VENTURA,MANO MENEZES,45.978,"5.108.151,00",1,COR,N,S,1 Jadson (P),"1 Robinho, 1 De Arrascaeta",3,VIS,0,1,1,1,0,1,1,1,WAGNER DO NASCIMENTO MAGALHAES,RJ,SIM
153,V,CORINTHIANS,2,1,BAHIA,SALVADOR,BA,BRA,4,8,137,27,10,18,32,19:00,11,SAB,41,BRASILEIRO,86,CASSIO,JAIR VENTURA,ENDERSON MOREIRA,35.382,"1.116.596,50",1,VIS,N,S,2 Danilo,1 Clayton,3,COR,0,2,1,0,0,2,0,1,PERICLES BASSOLS,PE,NAO
154,E,CORINTHIANS,1,1,SAO PAULO,SAO PAULO,SP,BRA,9,57,138,10,11,18,33,17:00,13,SAB,42,BRASILEIRO,87,CASSIO,JAIR VENTURA,DIEGO AGUIRRE,42.845,"1.911.492,99",1,COR,N,S,1 Ralf,1 Brenner,2,COR,0,1,1,0,0,1,0,1,RODOLPHO TOSKI MARQUES,PR,NAO
155,V,CORINTHIANS,1,0,VASCO DA GAMA,RIO DE JANEIRO,RJ,BRA,3,18,139,17,11,18,34,19:00,12,SAB,43,BRASILEIRO,88,CASSIO,JAIR VENTURA,ALBERTO VALENTIM,38.605,"1.350.667,50",1,COR,S,N,1 Mateus Vital,X,1,COR,1,0,0,0,0,1,0,0,WILTON PEREIRA SAMPAIO,GO,NAO
156,E,CORINTHIANS,0,0,CHAPECOENSE,CHAPECO,SC,BRA,5,12,140,25,11,18,35,19:00,13,DOM,43,BRASILEIRO,89,CASSIO,JAIR VENTURA,CLAUDINEI OLIVEIRA,35.888,"1.219.472,00",1,VIS,N,S,X,X,0,X,0,0,0,0,0,0,0,0,PAULO ROBERTO ALVES JUNIOR,PR,NAO
157,E,CORINTHIANS,1,1,SANTOS,SANTOS,SP,BRA,9,58,141,13,1,19,1,17:30,1,DOM,44,AMISTOSO,5,CASSIO,FABIO CARILLE,JORGE SAMPAOLI,32.954,"868.451,00",1,COR,N,S,1 Gustavo,1 Pedro Henrique (GC),2,COR,1,0,0,1,1,0,1,0,VINICIUS FURLAN,SP,NAO
158,E,CORINTHIANS,1,1,SAO CAETANO,SAO CAETANO,SP,BRA,1,59,142,20,1,19,2,17:00,14,DOM,45,PAULISTA,36,FAGNER,FABIO CARILLE,PINTADO,31.009,"1.203.885,70",1,VIS,N,S,1 Henrique,1 Rafael Marques,2,VIS,0,1,0,1,0,1,1,0,FLAVIO RODRIGUES DE SOUZA,SP,NAO
159,V,CORINTHIANS,1,0,PONTE PRETA,CAMPINAS,SP,BRA,7,60,143,26,1,19,3,19:00,14,SAB,44,PAULISTA,37,CASSIO,FABIO CARILLE,MAZOLA JUNIOR,25.865,"954.497,90",1,VIS,N,S,1 Gustavo,X,1,COR,0,1,0,0,0,1,0,0,SALIM FENDE CHAVEZ,SP,NAO
160,D,CORINTHIANS,0,2,RED BULL,CAMPINAS,SP,BRA,4,61,144,30,1,19,4,19:15,1,QUA,48,PAULISTA,38,HENRIQUE,FABIO CARILLE,ANTONIO ZAGO,23.641,"753.456,00",1,VIS,N,S,X,"1 Ytalo, 1 Bruno Tubarao",2,VIS,0,0,2,0,0,0,0,2,VINICIUS FURLAN,SP,NAO
161,E,CORINTHIANS,1,1,RACING,AVELLANEDA,ARG,ARG,2,4,4,14,2,19,5,21:30,2,QUI,21,SULAMERICANA,4,RALF,FABIO CARILLE,EDUARDO COUDET,23.941,"935.243,00",1,VIS,S,N,1 Gustavo,1 Andres Rios,2,VIS,1,0,1,0,0,1,1,0,VICTOR CARRILO,PER,NAO
162,V,CORINTHIANS,2,1,SAO PAULO,SAO PAULO,SP,BRA,10,62,145,17,2,19,6,19:00,15,DOM,46,PAULISTA,39,FAGNER,FABIO CARILLE,VAGNER MANCINI,42.303,"2.219.753,00",1,VIS,N,S,"1 Manoel, 1 Gustavo",1 Pablo,3,COR,1,1,1,0,1,1,0,1,LUCAS CANETTO BELLOTE,SP,NAO
163,V,CORINTHIANS,4,2,AVENIDA,SANTA CRUZ DO SUL,RS,BRA,1,12,146,20,2,19,7,21:30,3,QUA,49,COPA DO BRASIL,13,CASSIO,FABIO CARILLE,FABIANO DAITX,21.120,"664.493,50",1,COR,N,S,"1 Henrique, 1 Danilo Avelar, 1 Junior Urso, 1 Gustavo","1 Flavio Torres, 1 Tito",6,VIS,1,3,2,0,1,3,2,0,CAIO MAX AUGUSTO VIEIRA,RN,NAO
164,E,CORINTHIANS,0,0,SANTOS,SANTOS,SP,BRA,10,63,147,10,3,19,8,16:00,32,DOM,47,PAULISTA,40,CASSIO,FABIO CARILLE,JORGE SAMPAOLI,41.404,"2.197.534,00",1,COR,N,S,X,X,0,X,0,0,0,0,0,0,0,0,DOUGLAS MARQUES DAS FLORES,SP,NAO
165,V,CORINTHIANS,1,0,OESTE,BARUERI,SP,BRA,2,64,148,17,3,19,9,16:00,33,DOM,48,PAULISTA,41,VAGNER LOVE,FABIO CARILLE,RENAN FREITAS,38.340,"1.304.139,00",1,COR,N,S,1 Danilo Avelar,X,1,COR,0,1,0,0,0,1,0,0,LUCAS CANETTO BELLOTE,SP,NAO
166,E,CORINTHIANS,1,1,FERROVIARIA (ARARAQUARA),ARARAQUARA,SP,BRA,2,65,149,27,3,19,10,21:30,4,QUA,50,PAULISTA,42,VAGNER LOVE,FABIO CARILLE,VINICIUS MUNHOZ,34.232,"1.208.153,00",1,COR,N,S,1 Junior Urso,1 Thiago Santos,2,COR,1,0,1,0,1,0,0,1,LUIZ FLAVIO DE OLIVEIRA,SP,SIM
167,V,CORINTHIANS,2,1,SANTOS,SANTOS,SP,BRA,11,66,150,31,3,19,11,16:00,34,DOM,49,PAULISTA,43,FAGNER,FABIO CARILLE,JORGE SAMPAOLI,39.919,"2.467.185,50",1,VIS,N,S,"1 Manoel, 1 Clayson",1 Derlis Gonzalez,3,COR,2,0,1,0,2,0,1,0,VINICIUS GONCALVES DIAS ARAUJO,SP,SIM
168,D,CORINTHIANS,0,1,CEARA,FORTALEZA,CE,BRA,2,2,151,3,4,19,12,21:30,5,QUA,51,COPA DO BRASIL,14,CASSIO,FABIO CARILLE,LISCA,34.639,"1.241.132,50",1,VIS,N,S,X,1 Roger,1,VIS,0,0,1,0,0,0,0,1,RAFAEL TRACI,SC,NAO
169,V,CORINTHIANS,2,1,SAO PAULO,SAO PAULO,SP,BRA,11,67,152,21,4,19,13,16:00,35,DOM,50,PAULISTA,44,CASSIO,FABIO CARILLE,CUCA,46.481,"5.014.884,00",1,VIS,N,S,"1 Danilo Avelar, 1 Vagner Love",1 Antony,3,COR,1,1,0,1,1,1,1,0,RAPHAEL CLAUS,SP,SIM
170,V,CORINTHIANS,2,0,CHAPECOENSE,CHAPECO,SC,BRA,6,13,153,24,4,19,14,21:30,6,QUA,52,COPA DO BRASIL,15,RALF,FABIO CARILLE,NEY FRANCO,33.582,"1.269.891,50",1,VIS,N,S,"1 Boselli, 1 Mateus Vital",X,2,COR,1,1,0,0,1,1,0,0,DANIEL NOBRE BINS,RS,NAO
171,V,CORINTHIANS,1,0,CHAPECOENSE,CHAPECO,SC,BRA,7,14,154,1,5,19,15,16:00,36,QUA,53,BRASILEIRO,90,RAMIRO,FABIO CARILLE,NEY FRANCO,30.442,"1.551.364,50",1,COR,S,N,1 Carlos Augusto,X,1,COR,1,0,0,0,0,1,0,0,RICARDO MARQUES RIBEIRO,MG,SIM
172,E,CORINTHIANS,0,0,GREMIO,PORTO ALEGRE,RS,BRA,7,13,155,11,5,19,16,19:00,16,SAB,45,BRASILEIRO,91,RALF,FABIO CARILLE,RENATO GAUCHO,36.360,"1.581.235,50",2,VIS,N,S,X,X,0,X,0,0,0,0,0,0,0,0,MARCELO DE LIMA HENRIQUE,RJ,SIM
173,D,CORINTHIANS,0,1,FLAMENGO,RIO DE JANEIRO,RJ,BRA,6,19,156,15,5,19,17,21:30,7,QUA,54,COPA DO BRASIL,16,FAGNER,FABIO CARILLE,ABEL BRAGA,30.364,"2.010.205,00",1,VIS,N,S,X,1 Willian Arao,1,VIS,0,0,1,0,0,0,0,1,ANDERSON DARONCO,RS,SIM
174,V,CORINTHIANS,2,0,DEPORTIVO LARA,CABUDARE,VEN,VEN,2,2,2,23,5,19,18,19:15,2,QUI,22,SULAMERICANA,5,CASSIO,FABIO CARILLE,LEONARDO GONZALEZ,27.866,"800.153,00",1,COR,N,S,"1 Vagner Love, 1 Gustavo",X,2,COR,0,2,0,0,0,2,0,0,CRISTIAN GARAY,CHI,NAO
175,V,CORINTHIANS,1,0,SAO PAULO,SAO PAULO,SP,BRA,12,68,157,26,5,19,19,19:00,17,DOM,51,BRASILEIRO,92,FAGNER,FABIO CARILLE,CUCA,39.378,"1.916.228,30",1,COR,S,N,1 Pedrinho,X,1,COR,0,1,0,0,1,0,0,0,FLAVIO RODRIGUES DE SOUZA,SP,SIM
176,V,CORINTHIANS,1,0,CSA,MACEIO,AL,BRA,1,1,158,14,7,19,20,16:00,37,DOM,52,BRASILEIRO,93,FAGNER,FABIO CARILLE,ARGEL FUCKS,33.952,"1.392.676,36",1,COR,S,N,1 Vagner Love,X,1,COR,1,0,0,0,0,1,0,0,WAGNER REWAY,MT,SIM
177,E,CORINTHIANS,1,1,FLAMENGO,RIO DE JANEIRO,RJ,BRA,7,20,159,21,7,19,21,16:00,38,DOM,53,BRASILEIRO,94,CASSIO,FABIO CARILLE,JORGE JESUS,34.737,"2.223.284,80",1,COR,S,N,1 Clayson,1 Gabriel,2,COR,1,0,0,1,0,1,0,1,LEANDRO PEDRO VUADEN,RS,SIM
178,V,CORINTHIANS,2,0,MONTEVIDEO WANDERERS,MONTEVIDEU,URU,URU,1,3,3,25,7,19,22,21:30,8,QUI,23,SULAMERICANA,6,VAGNER LOVE,FABIO CARILLE,ROMAN CUELLO,32.955,"1.324.119,88",1,VIS,N,S,"1 Clayson, 1 Pedrinho",X,2,COR,1,1,0,0,1,1,0,0,JORGE ARGOTE,VEN,SIM
179,E,CORINTHIANS,1,1,PALMEIRAS,SAO PAULO,SP,BRA,10,69,160,4,8,19,23,19:00,18,DOM,54,BRASILEIRO,95,CASSIO,FABIO CARILLE,FELIPAO,42.675,"2.998.991,00",1,VIS,N,S,1 Manoel,1 Felipe Melo,2,COR,1,0,1,0,1,0,0,1,ANDERSON DARONCO,RS,SIM
180,V,CORINTHIANS,2,0,GOIAS,GOIANIA,GO,BRA,3,4,161,7,8,19,24,19:15,3,QUA,55,BRASILEIRO,96,FAGNER,FABIO CARILLE,ROBSON GOMES,34.595,"1.307.624,00",1,VIS,N,S,"1 Junior Urso, 1 Boselli",X,2,COR,1,1,0,0,1,1,0,0,BRUNO ARLEU DE ARAUJO,RJ,SIM
181,V,CORINTHIANS,2,0,BOTAFOGO,RIO DE JANEIRO,RJ,BRA,5,21,162,17,8,19,25,19:00,19,SAB,46,BRASILEIRO,97,GIL,FABIO CARILLE,EDUARDO BARROCA,38.882,"2.245.956,00",1,COR,N,S,"1 Boselli, 1 Everaldo",X,2,COR,1,1,0,0,1,1,0,0,RAFAEL TRACI,SC,SIM
182,E,CORINTHIANS,0,0,FLUMINENSE,RIO DE JANEIRO,RJ,BRA,7,22,163,22,8,19,26,21:30,9,QUI,24,SULAMERICANA,7,FAGNER,FABIO CARILLE,MARCAO,37.266,"1.699.012,00",1,COR,S,N,X,X,0,X,0,0,0,0,0,0,0,0,ANDRES ROJAS,COL,SIM
183,V,CORINTHIANS,1,0,ATLETICO MG,BELO HORIZONTE,MG,BRA,7,15,164,1,9,19,27,19:00,20,DOM,55,BRASILEIRO,98,CASSIO,FABIO CARILLE,RODRIGO SANTANA,31.961,"1.524.359,18",1,COR,S,N,1 Gustavo,X,1,COR,1,0,0,0,0,1,0,0,WILTON PEREIRA SAMPAIO,GO,SIM
184,E,CORINTHIANS,2,2,CEARA,FORTALEZA,CE,BRA,3,3,165,7,9,19,28,11:00,6,SAB,47,BRASILEIRO,99,DANILO AVELAR,FABIO CARILLE,ENDERSON MOREIRA,43.230,"2.888.967,30",3,VIS,N,S,"1 Joao Lucas (GC), 1 Vagner Love","1 Thiago Galhardo, 1 Leandro Carvalho",4,COR,2,0,2,0,2,0,0,2,PAULO ROBERTO ALVES JUNIOR,PR,SIM
185,D,CORINTHIANS,0,2,INDEPENDIENTE DEL VALLE,SANGOLQUI,EQU,EQU,1,1,1,18,9,19,29,21:30,10,QUA,56,SULAMERICANA,8,FAGNER,FABIO CARILLE,MIGUEL RAMIREZ,37.112,"2.264.371,00",1,VIS,N,S,X,2 Gabriel Torres,2,VIS,0,0,1,1,0,0,1,1,LEODAN GONZALEZ,URU,SIM
186,V,CORINTHIANS,2,1,BAHIA,SALVADOR,BA,BRA,5,9,166,21,9,19,30,19:00,21,SAB,48,BRASILEIRO,100,VAGNER LOVE,FABIO CARILLE,ROGER MACHADO,29.569,"1.489.768,50",1,VIS,N,S,"1 Vagner Love, 1 Clayson",1 Gilberto (P),3,COR,1,1,1,0,1,1,0,1,DEWSON FERNANDO SILVA,PA,SIM
187,V,CORINTHIANS,1,0,VASCO DA GAMA,RIO DE JANEIRO,RJ,BRA,4,23,167,29,9,19,31,11:00,7,DOM,56,BRASILEIRO,101,GIL,FABIO CARILLE,VANDERLEI LUXEMBURGO,37.091,"1.891.029,50",1,COR,S,N,1 Ralf,X,1,COR,1,0,0,0,0,1,0,0,RICARDO MARQUES RIBEIRO,MG,SIM
188,E,CORINTHIANS,2,2,ATHLETICO,CURITIBA,PR,BRA,5,10,168,10,10,19,32,19:15,4,QUI,25,BRASILEIRO,102,VAGNER LOVE,FABIO CARILLE,TIAGO NUNES,22.736,"910.020,10",1,VIS,N,S,"1 Gil, 1 Boselli","1 Leo Cittadini, 1 Erick",4,COR,2,0,0,2,2,0,2,0,ANDRE LUIZ DE FREITAS CASTRO,GO,SIM
189,D,CORINTHIANS,1,2,CRUZEIRO,BELO HORIZONTE,MG,BRA,7,16,169,19,10,19,33,19:00,22,SAB,49,BRASILEIRO,103,RALF,FABIO CARILLE,ABEL BRAGA,31.631,"1.529.296,10",1,VIS,N,S,1 Fagner,"1 Fred (P), 1 Ederson",3,COR,1,0,1,1,1,0,1,1,BRUNO ARLEU DE ARAUJO,RJ,SIM
190,E,CORINTHIANS,0,0,SANTOS,SANTOS,SP,BRA,12,70,170,26,10,19,34,17:00,15,SAB,50,BRASILEIRO,104,GIL,LEANDRO CUCA,JORGE SAMPAOLI,32.142,"1.518.582,30",1,VIS,N,S,X,X,0,X,0,0,0,0,0,0,0,0,LUIZ FLAVIO DE OLIVEIRA,SP,SIM
191,V,CORINTHIANS,3,2,FORTALEZA,FORTALEZA,CE,BRA,1,4,171,6,11,19,35,19:30,18,QUA,57,BRASILEIRO,105,GIL,DYEGO COELHO,ROGERIO CENI,22.208,"828.518,80",1,COR,N,S,"2 Boselli, 1 Junior Urso","1 Romarinho, 1 Kieza",5,VIS,1,2,1,1,1,2,1,1,CAIO MAX AUGUSTO VIEIRA,RN,SIM
192,E,CORINTHIANS,0,0,INTERNACIONAL,PORTO ALEGRE,RS,BRA,6,14,172,17,11,19,36,18:00,2,DOM,57,BRASILEIRO,106,CASSIO,DYEGO COELHO,ZE RICARDO,29.159,"1.367.354,50",1,COR,N,S,X,X,0,X,0,0,0,0,0,0,0,0,MARCELO DE LIMA HENRIQUE,RJ,SIM
193,V,CORINTHIANS,3,0,AVAI,FLORIANOPOLIS,SC,BRA,3,15,173,27,11,19,37,21:30,11,QUA,58,BRASILEIRO,107,CASSIO,DYEGO COELHO,EVANDO CAMILLATO,17.441,"617.881,20",1,COR,S,N,"1 Mateus Vital, 1 Junior Urso, 1 Boselli",X,3,COR,2,1,0,0,1,2,0,0,WAGNER DO NASCIMENTO MAGALHAES,RJ,SIM
194,D,CORINTHIANS,1,2,FLUMINENSE,RIO DE JANEIRO,RJ,BRA,8,24,174,8,12,19,38,16:00,39,DOM,58,BRASILEIRO,108,CASSIO,DYEGO COELHO,MARCAO,36.316,"1.771.788,90",1,COR,S,N,1 Gustavo,2 Evanilson,3,VIS,1,0,2,0,0,1,2,0,RODRIGO D'ALONSO FERREIRA,SC,SIM
195,V,CORINTHIANS,4,1,BOTAFOGO (RIBEIRAO PRETO),RIBEIRAO PRETO,SP,BRA,3,71,175,23,1,20,1,21:30,12,QUI,26,PAULISTA,45,CASSIO,TIAGO NUNES,WAGNER LOPES,24.512,"966.124,74",1,COR,S,N,"3 Boselli, 1 Luan (P)",1 Ronald,5,COR,3,1,1,0,1,3,0,1,LUIZ FLAVIO DE OLIVEIRA,SP,NAO
196,V,CORINTHIANS,2,0,SANTOS,SANTOS,SP,BRA,13,72,176,2,2,20,2,11:00,8,DOM,59,PAULISTA,46,CASSIO,TIAGO NUNES,JESUALDO FERREIRA,40.699,"2.355.356,04",1,COR,N,S,"1 Everaldo, 1 Janderson",X,2,COR,1,1,0,0,1,1,0,0,LUIZ FLAVIO DE OLIVEIRA,SP,NAO
197,D,CORINTHIANS,0,1,INTERNACIONAL DE LIMEIRA,LIMEIRA,SP,BRA,1,73,177,9,2,20,3,16:00,40,DOM,60,PAULISTA,47,CASSIO,TIAGO NUNES,ELANO,27.725,"1.115.240,35",1,VIS,N,S,X,1 Tcharlles,1,VIS,0,0,1,0,0,0,1,0,RAPHAEL CLAUS,SP,NAO
198,V,CORINTHIANS,2,1,GUARANI,ASSUNCAO,PAR,PAR,2,3,3,12,2,20,4,21:30,13,QUA,59,LIBERTADORES,14,CASSIO,TIAGO NUNES,GUSTAVO COSTAS,40.327,"2.255.657,34",1,VIS,N,S,"1 Luan, 1 Boselli",1 Fernando Fernandez,3,COR,2,0,1,0,2,0,0,1,NESTOR PITANA,ARG,NAO
199,E,CORINTHIANS,1,1,SANTO ANDRE,SANTO ANDRE,SP,BRA,2,74,178,26,2,20,5,21:30,14,QUA,60,PAULISTA,48,GABRIEL,TIAGO NUNES,PAULO ROBERTO SANTOS,17.128,"660.629,69",1,COR,N,S,1 Boselli,1 Ronaldo,2,VIS,0,1,0,1,0,1,1,0,SALIM FENDE CHAVEZ,SP,NAO
200,E,CORINTHIANS,1,1,ITUANO,ITU,SP,BRA,2,75,179,15,3,20,6,16:00,41,DOM,61,PAULISTA,49,CASSIO,TIAGO NUNES,VINICIUS BERGANTIN,0,0,1,VIS,N,S,1 Luan,1 Breno Lopes,2,VIS,1,0,0,1,1,0,1,0,FLAVIO RODRIGUES DE SOUZA,SP,NAO
201,V,CORINTHIANS,1,0,PALMEIRAS,SAO PAULO,SP,BRA,11,76,180,22,7,20,7,21:30,15,QUA,61,PAULISTA,50,CASSIO,TIAGO NUNES,VANDERLEI LUXEMBURGO,0,0,1,VIS,N,S,1 Gil,X,1,COR,1,0,0,0,1,0,0,0,RAPHAEL CLAUS,SP,NAO
202,V,CORINTHIANS,1,0,MIRASSOL,MIRASSOL,SP,BRA,2,77,181,2,8,20,8,16:00,42,DOM,62,PAULISTA,51,CASSIO,TIAGO NUNES,RICARDO CATALA,0,0,1,VIS,N,S,1 Ederson,X,1,COR,0,1,0,0,0,1,0,0,VINICIUS GONCALVES DIAS ARAUJO,SP,SIM
203,E,CORINTHIANS,0,0,PALMEIRAS,SAO PAULO,SP,BRA,12,78,182,5,8,20,9,21:30,16,QUA,62,PAULISTA,52,CASSIO,TIAGO NUNES,VANDERLEI LUXEMBURGO,0,0,1,COR,S,N,X,X,0,X,0,0,0,0,0,0,0,0,RAPHAEL CLAUS,SP,SIM
204,V,CORINTHIANS,3,1,CORITIBA,CURITIBA,PR,BRA,5,11,183,19,8,20,10,21:30,17,QUA,63,BRASILEIRO,109,CASSIO,EVANDRO FORNARI,EDUARDO BARROCA,0,0,1,VIS,N,S,"1 Leo Natel, 1 Jo, 1 Gustavo Silva",1 Sassa,4,COR,1,2,0,1,1,2,1,0,BRAULIO DA SILVA MACHADO,SC,SIM
205,E,CORINTHIANS,1,1,FORTALEZA,FORTALEZA,CE,BRA,2,5,184,26,8,20,11,21:30,18,QUA,64,BRASILEIRO,110,CASSIO,TIAGO NUNES,ROGERIO CENI,0,0,1,COR,S,N,1 Luan,1 Romarinho,2,VIS,1,0,0,1,0,0,1,1,RODOLPHO TOSKI MARQUES,PR,SIM